timestamp,pv_production
2025-06-01 00:15:00,0.0
2025-06-01 00:30:00,0.0
2025-06-01 00:45:00,0.0
2025-06-01 01:00:00,0.0
2025-06-01 01:15:00,0.0
2025-06-01 01:30:00,0.0
2025-06-01 01:45:00,0.0
2025-06-01 02:00:00,0.0
2025-06-01 02:15:00,0.0
2025-06-01 02:30:00,0.0
2025-06-01 02:45:00,0.0
2025-06-01 03:00:00,0.0
2025-06-01 03:15:00,0.0
2025-06-01 03:30:00,0.000143
2025-06-01 03:45:00,0.000713
2025-06-01 04:00:00,0.007703
2025-06-01 04:15:00,0.023393
2025-06-01 04:30:00,0.036135
2025-06-01 04:45:00,0.041793
2025-06-01 05:00:00,0.062476
2025-06-01 05:15:00,0.083111
2025-06-01 05:30:00,0.133226
2025-06-01 05:45:00,0.171643
2025-06-01 06:00:00,0.183102
2025-06-01 06:15:00,0.309053
2025-06-01 06:30:00,0.236877
2025-06-01 06:45:00,0.221662
2025-06-01 07:00:00,0.158711
2025-06-01 07:15:00,0.326598
2025-06-01 07:30:00,0.271016
2025-06-01 07:45:00,0.355126
2025-06-01 08:00:00,0.311715
2025-06-01 08:15:00,0.175162
2025-06-01 08:30:00,0.14825
2025-06-01 08:45:00,0.184909
2025-06-01 09:00:00,0.193657
2025-06-01 09:15:00,0.240681
2025-06-01 09:30:00,0.301683
2025-06-01 09:45:00,0.238113
2025-06-01 10:00:00,0.234024
2025-06-01 10:15:00,0.190329
2025-06-01 10:30:00,0.216908
2025-06-01 10:45:00,0.272109
2025-06-01 11:00:00,0.257084
2025-06-01 11:15:00,0.307056
2025-06-01 11:30:00,0.374477
2025-06-01 11:45:00,0.375428
2025-06-01 12:00:00,0.651008
2025-06-01 12:15:00,0.715386
2025-06-01 12:30:00,0.682769
2025-06-01 12:45:00,0.653626
2025-06-01 13:00:00,0.370531
2025-06-01 13:15:00,0.503756
2025-06-01 13:30:00,0.442849
2025-06-01 13:45:00,0.380325
2025-06-01 14:00:00,0.476987
2025-06-01 14:15:00,0.454498
2025-06-01 14:30:00,0.49729
2025-06-01 14:45:00,0.333064
2025-06-01 15:00:00,0.373098
2025-06-01 15:15:00,0.493011
2025-06-01 15:30:00,0.392212
2025-06-01 15:45:00,0.350894
2025-06-01 16:00:00,0.278718
2025-06-01 16:15:00,0.130325
2025-06-01 16:30:00,0.200789
2025-06-01 16:45:00,0.230696
2025-06-01 17:00:00,0.145493
2025-06-01 17:15:00,0.085441
2025-06-01 17:30:00,0.094523
2025-06-01 17:45:00,0.068277
2025-06-01 18:00:00,0.039654
2025-06-01 18:15:00,0.015167
2025-06-01 18:30:00,0.009509
2025-06-01 18:45:00,0.005753
2025-06-01 19:00:00,0.000143
2025-06-01 19:15:00,0.0
2025-06-01 19:30:00,0.0
2025-06-01 19:45:00,0.0
2025-06-01 20:00:00,0.0
2025-06-01 20:15:00,0.0
2025-06-01 20:30:00,0.0
2025-06-01 20:45:00,0.0
2025-06-01 21:00:00,0.0
2025-06-01 21:15:00,0.0
2025-06-01 21:30:00,0.0
2025-06-01 21:45:00,0.0
2025-06-01 22:00:00,0.0
2025-06-01 22:15:00,0.0
2025-06-01 22:30:00,0.0
2025-06-01 22:45:00,0.0
2025-06-01 23:00:00,0.0
2025-06-01 23:15:00,0.0
2025-06-01 23:30:00,0.0
2025-06-01 23:45:00,0.0
2025-06-02 00:00:00,0.0
2025-06-02 00:15:00,0.0
2025-06-02 00:30:00,0.0
2025-06-02 00:45:00,0.0
2025-06-02 01:00:00,0.0
2025-06-02 01:15:00,0.0
2025-06-02 01:30:00,0.0
2025-06-02 01:45:00,0.0
2025-06-02 02:00:00,0.0
2025-06-02 02:15:00,0.0
2025-06-02 02:30:00,0.0
2025-06-02 02:45:00,0.0
2025-06-02 03:00:00,0.0
2025-06-02 03:15:00,0.0
2025-06-02 03:30:00,0.0
2025-06-02 03:45:00,4.8e-05
2025-06-02 04:00:00,0.000475
2025-06-02 04:15:00,0.006038
2025-06-02 04:30:00,0.026911
2025-06-02 04:45:00,0.016356
2025-06-02 05:00:00,0.04303
2025-06-02 05:15:00,0.055344
2025-06-02 05:30:00,0.101132
2025-06-02 05:45:00,0.096995
2025-06-02 06:00:00,0.204022
2025-06-02 06:15:00,0.288988
2025-06-02 06:30:00,0.243201
2025-06-02 06:45:00,0.426493
2025-06-02 07:00:00,0.441327
2025-06-02 07:15:00,0.241442
2025-06-02 07:30:00,0.133891
2025-06-02 07:45:00,0.300827
2025-06-02 08:00:00,0.501331
2025-06-02 08:15:00,0.258939
2025-06-02 08:30:00,0.357218
2025-06-02 08:45:00,0.19594
2025-06-02 09:00:00,0.300067
2025-06-02 09:15:00,0.201265
2025-06-02 09:30:00,0.144209
2025-06-02 09:45:00,0.133511
2025-06-02 10:00:00,0.129137
2025-06-02 10:15:00,0.230839
2025-06-02 10:30:00,0.165082
2025-06-02 10:45:00,0.176113
2025-06-02 11:00:00,0.093809
2025-06-02 11:15:00,0.072889
2025-06-02 11:30:00,0.118153
2025-06-02 11:45:00,0.07636
2025-06-02 12:00:00,0.094475
2025-06-02 12:15:00,0.095901
2025-06-02 12:30:00,0.100751
2025-06-02 12:45:00,0.086154
2025-06-02 13:00:00,0.11977
2025-06-02 13:15:00,0.258939
2025-06-02 13:30:00,0.512933
2025-06-02 13:45:00,0.322841
2025-06-02 14:00:00,0.247147
2025-06-02 14:15:00,0.268401
2025-06-02 14:30:00,0.310812
2025-06-02 14:45:00,0.271063
2025-06-02 15:00:00,0.210679
2025-06-02 15:15:00,0.167982
2025-06-02 15:30:00,0.120626
2025-06-02 15:45:00,0.122242
2025-06-02 16:00:00,0.096757
2025-06-02 16:15:00,0.134747
2025-06-02 16:30:00,0.100656
2025-06-02 16:45:00,0.0126
2025-06-02 17:00:00,0.00038
2025-06-02 17:15:00,4.8e-05
2025-06-02 17:30:00,0.000761
2025-06-02 17:45:00,0.00214
2025-06-02 18:00:00,0.006229
2025-06-02 18:15:00,0.000238
2025-06-02 18:30:00,0.0
2025-06-02 18:45:00,0.0
2025-06-02 19:00:00,0.0
2025-06-02 19:15:00,0.0
2025-06-02 19:30:00,0.0
2025-06-02 19:45:00,0.0
2025-06-02 20:00:00,0.0
2025-06-02 20:15:00,0.0
2025-06-02 20:30:00,0.0
2025-06-02 20:45:00,0.0
2025-06-02 21:00:00,0.0
2025-06-02 21:15:00,0.0
2025-06-02 21:30:00,0.0
2025-06-02 21:45:00,0.0
2025-06-02 22:00:00,0.0
2025-06-02 22:15:00,0.0
2025-06-02 22:30:00,0.0
2025-06-02 22:45:00,0.0
2025-06-02 23:00:00,0.0
2025-06-02 23:15:00,0.0
2025-06-02 23:30:00,0.0
2025-06-02 23:45:00,0.0
2025-06-03 00:00:00,0.0
2025-06-03 00:15:00,0.0
2025-06-03 00:30:00,0.0
2025-06-03 00:45:00,0.0
2025-06-03 01:00:00,0.0
2025-06-03 01:15:00,0.0
2025-06-03 01:30:00,0.0
2025-06-03 01:45:00,0.0
2025-06-03 02:00:00,0.0
2025-06-03 02:15:00,0.0
2025-06-03 02:30:00,0.0
2025-06-03 02:45:00,0.0
2025-06-03 03:00:00,0.0
2025-06-03 03:15:00,0.0
2025-06-03 03:30:00,9.5e-05
2025-06-03 03:45:00,0.000428
2025-06-03 04:00:00,0.000903
2025-06-03 04:15:00,0.011221
2025-06-03 04:30:00,0.027197
2025-06-03 04:45:00,0.031286
2025-06-03 05:00:00,0.011411
2025-06-03 05:15:00,0.000618
2025-06-03 05:30:00,0.007417
2025-06-03 05:45:00,0.022347
2025-06-03 06:00:00,0.038988
2025-06-03 06:15:00,0.040938
2025-06-03 06:30:00,0.048545
2025-06-03 06:45:00,0.067516
2025-06-03 07:00:00,0.114445
2025-06-03 07:15:00,0.143638
2025-06-03 07:30:00,0.145255
2025-06-03 07:45:00,0.125238
2025-06-03 08:00:00,0.174258
2025-06-03 08:15:00,0.204736
2025-06-03 08:30:00,0.164987
2025-06-03 08:45:00,0.233929
2025-06-03 09:00:00,0.261364
2025-06-03 09:15:00,0.100038
2025-06-03 09:30:00,0.136934
2025-06-03 09:45:00,0.163846
2025-06-03 10:00:00,0.616156
2025-06-03 10:15:00,0.386792
2025-06-03 10:30:00,0.450599
2025-06-03 10:45:00,0.175019
2025-06-03 11:00:00,0.134795
2025-06-03 11:15:00,0.499572
2025-06-03 11:30:00,0.631847
2025-06-03 11:45:00,0.382893
2025-06-03 12:00:00,0.585869
2025-06-03 12:15:00,0.60679
2025-06-03 12:30:00,0.392259
2025-06-03 12:45:00,0.54108
2025-06-03 13:00:00,0.651249
2025-06-03 13:15:00,0.540747
2025-06-03 13:30:00,0.556153
2025-06-03 13:45:00,0.328785
2025-06-03 14:00:00,0.556913
2025-06-03 14:15:00,0.547261
2025-06-03 14:30:00,0.513551
2025-06-03 14:45:00,0.452881
2025-06-03 15:00:00,0.190281
2025-06-03 15:15:00,0.336677
2025-06-03 15:30:00,0.408235
2025-06-03 15:45:00,0.322271
2025-06-03 16:00:00,0.135413
2025-06-03 16:15:00,0.141451
2025-06-03 16:30:00,0.164369
2025-06-03 16:45:00,0.162562
2025-06-03 17:00:00,0.121577
2025-06-03 17:15:00,0.067088
2025-06-03 17:30:00,0.04883
2025-06-03 17:45:00,0.021206
2025-06-03 18:00:00,0.012315
2025-06-03 18:15:00,0.002615
2025-06-03 18:30:00,0.00038
2025-06-03 18:45:00,9.5e-05
2025-06-03 19:00:00,0.00019
2025-06-03 19:15:00,0.0
2025-06-03 19:30:00,0.0
2025-06-03 19:45:00,0.0
2025-06-03 20:00:00,0.0
2025-06-03 20:15:00,0.0
2025-06-03 20:30:00,0.0
2025-06-03 20:45:00,0.0
2025-06-03 21:00:00,0.0
2025-06-03 21:15:00,0.0
2025-06-03 21:30:00,0.0
2025-06-03 21:45:00,0.0
2025-06-03 22:00:00,0.0
2025-06-03 22:15:00,0.0
2025-06-03 22:30:00,0.0
2025-06-03 22:45:00,0.0
2025-06-03 23:00:00,0.0
2025-06-03 23:15:00,0.0
2025-06-03 23:30:00,0.0
2025-06-03 23:45:00,0.0
2025-06-04 00:00:00,0.0
2025-06-04 00:15:00,0.0
2025-06-04 00:30:00,0.0
2025-06-04 00:45:00,0.0
2025-06-04 01:00:00,0.0
2025-06-04 01:15:00,0.0
2025-06-04 01:30:00,0.0
2025-06-04 01:45:00,0.0
2025-06-04 02:00:00,0.0
2025-06-04 02:15:00,0.0
2025-06-04 02:30:00,0.0
2025-06-04 02:45:00,0.0
2025-06-04 03:00:00,0.0
2025-06-04 03:15:00,0.0
2025-06-04 03:30:00,0.0
2025-06-04 03:45:00,0.001569
2025-06-04 04:00:00,0.017735
2025-06-04 04:15:00,0.022727
2025-06-04 04:30:00,0.042316
2025-06-04 04:45:00,0.055439
2025-06-04 05:00:00,0.074363
2025-06-04 05:15:00,0.111544
2025-06-04 05:30:00,0.152244
2025-06-04 05:45:00,0.194561
2025-06-04 06:00:00,0.238066
2025-06-04 06:15:00,0.27596
2025-06-04 06:30:00,0.32926
2025-06-04 06:45:00,0.371101
2025-06-04 07:00:00,0.409757
2025-06-04 07:15:00,0.311668
2025-06-04 07:30:00,0.307436
2025-06-04 07:45:00,0.392545
2025-06-04 08:00:00,0.467573
2025-06-04 08:15:00,0.547737
2025-06-04 08:30:00,0.540224
2025-06-04 08:45:00,0.552111
2025-06-04 09:00:00,0.421168
2025-06-04 09:15:00,0.597375
2025-06-04 09:30:00,0.569418
2025-06-04 09:45:00,0.327881
2025-06-04 10:00:00,0.373051
2025-06-04 10:15:00,0.53585
2025-06-04 10:30:00,0.667839
2025-06-04 10:45:00,0.688329
2025-06-04 11:00:00,0.620008
2025-06-04 11:15:00,0.414321
2025-06-04 11:30:00,0.501664
2025-06-04 11:45:00,0.508463
2025-06-04 12:00:00,0.305677
2025-06-04 12:15:00,0.460394
2025-06-04 12:30:00,0.527767
2025-06-04 12:45:00,0.412324
2025-06-04 13:00:00,0.422594
2025-06-04 13:15:00,0.47423
2025-06-04 13:30:00,0.551826
2025-06-04 13:45:00,0.569466
2025-06-04 14:00:00,0.556533
2025-06-04 14:15:00,0.492773
2025-06-04 14:30:00,0.462723
2025-06-04 14:45:00,0.414321
2025-06-04 15:00:00,0.409709
2025-06-04 15:15:00,0.333111
2025-06-04 15:30:00,0.373051
2025-06-04 15:45:00,0.331352
2025-06-04 16:00:00,0.25542
2025-06-04 16:15:00,0.187381
2025-06-04 16:30:00,0.112448
2025-06-04 16:45:00,0.11725
2025-06-04 17:00:00,0.145207
2025-06-04 17:15:00,0.09652
2025-06-04 17:30:00,0.049829
2025-06-04 17:45:00,0.024106
2025-06-04 18:00:00,0.006229
2025-06-04 18:15:00,4.8e-05
2025-06-04 18:30:00,4.8e-05
2025-06-04 18:45:00,0.0
2025-06-04 19:00:00,0.0
2025-06-04 19:15:00,0.0
2025-06-04 19:30:00,0.0
2025-06-04 19:45:00,0.0
2025-06-04 20:00:00,0.0
2025-06-04 20:15:00,0.0
2025-06-04 20:30:00,0.0
2025-06-04 20:45:00,0.0
2025-06-04 21:00:00,0.0
2025-06-04 21:15:00,0.0
2025-06-04 21:30:00,0.0
2025-06-04 21:45:00,0.0
2025-06-04 22:00:00,0.0
2025-06-04 22:15:00,0.0
2025-06-04 22:30:00,0.0
2025-06-04 22:45:00,0.0
2025-06-04 23:00:00,0.0
2025-06-04 23:15:00,0.0
2025-06-04 23:30:00,0.0
2025-06-04 23:45:00,0.0
2025-06-05 00:00:00,0.0
2025-06-05 00:15:00,0.0
2025-06-05 00:30:00,0.0
2025-06-05 00:45:00,0.0
2025-06-05 01:00:00,0.0
2025-06-05 01:15:00,0.0
2025-06-05 01:30:00,0.0
2025-06-05 01:45:00,0.0
2025-06-05 02:00:00,0.0
2025-06-05 02:15:00,0.0
2025-06-05 02:30:00,0.0
2025-06-05 02:45:00,0.0
2025-06-05 03:00:00,0.0
2025-06-05 03:15:00,0.0
2025-06-05 03:30:00,0.0
2025-06-05 03:45:00,0.001379
2025-06-05 04:00:00,0.00466
2025-06-05 04:15:00,0.012172
2025-06-05 04:30:00,0.014597
2025-06-05 04:45:00,0.025865
2025-06-05 05:00:00,0.041223
2025-06-05 05:15:00,0.047452
2025-06-05 05:30:00,0.051445
2025-06-05 05:45:00,0.039464
2025-06-05 06:00:00,0.047356
2025-06-05 06:15:00,0.071605
2025-06-05 06:30:00,0.127235
2025-06-05 06:45:00,0.082541
2025-06-05 07:00:00,0.073507
2025-06-05 07:15:00,0.077025
2025-06-05 07:30:00,0.103794
2025-06-05 07:45:00,0.14749
2025-06-05 08:00:00,0.141546
2025-06-05 08:15:00,0.146634
2025-06-05 08:30:00,0.114017
2025-06-05 08:45:00,0.071938
2025-06-05 09:00:00,0.113874
2025-06-05 09:15:00,0.124049
2025-06-05 09:30:00,0.144637
2025-06-05 09:45:00,0.210679
2025-06-05 10:00:00,0.147537
2025-06-05 10:15:00,0.127995
2025-06-05 10:30:00,0.174971
2025-06-05 10:45:00,0.150675
2025-06-05 11:00:00,0.118248
2025-06-05 11:15:00,0.135888
2025-06-05 11:30:00,0.117107
2025-06-05 11:45:00,0.134509
2025-06-05 12:00:00,0.237495
2025-06-05 12:15:00,0.21201
2025-06-05 12:30:00,0.192659
2025-06-05 12:45:00,0.109452
2025-06-05 13:00:00,0.066755
2025-06-05 13:15:00,0.071795
2025-06-05 13:30:00,0.10251
2025-06-05 13:45:00,0.171596
2025-06-05 14:00:00,0.256847
2025-06-05 14:15:00,0.307294
2025-06-05 14:30:00,0.218524
2025-06-05 14:45:00,0.128328
2025-06-05 15:00:00,0.115538
2025-06-05 15:15:00,0.190567
2025-06-05 15:30:00,0.145445
2025-06-05 15:45:00,0.141689
2025-06-05 16:00:00,0.18914
2025-06-05 16:15:00,0.150533
2025-06-05 16:30:00,0.087391
2025-06-05 16:45:00,0.029717
2025-06-05 17:00:00,0.017592
2025-06-05 17:15:00,0.021967
2025-06-05 17:30:00,0.049448
2025-06-05 17:45:00,0.039036
2025-06-05 18:00:00,0.02772
2025-06-05 18:15:00,0.00989
2025-06-05 18:30:00,0.000143
2025-06-05 18:45:00,0.0
2025-06-05 19:00:00,0.0
2025-06-05 19:15:00,0.0
2025-06-05 19:30:00,0.0
2025-06-05 19:45:00,0.0
2025-06-05 20:00:00,0.0
2025-06-05 20:15:00,0.0
2025-06-05 20:30:00,0.0
2025-06-05 20:45:00,0.0
2025-06-05 21:00:00,0.0
2025-06-05 21:15:00,0.0
2025-06-05 21:30:00,0.0
2025-06-05 21:45:00,0.0
2025-06-05 22:00:00,0.0
2025-06-05 22:15:00,0.0
2025-06-05 22:30:00,0.0
2025-06-05 22:45:00,0.0
2025-06-05 23:00:00,0.0
2025-06-05 23:15:00,0.0
2025-06-05 23:30:00,0.0
2025-06-05 23:45:00,0.0
2025-06-06 00:00:00,0.0
2025-06-06 00:15:00,0.0
2025-06-06 00:30:00,0.0
2025-06-06 00:45:00,0.0
2025-06-06 01:00:00,0.0
2025-06-06 01:15:00,0.0
2025-06-06 01:30:00,0.0
2025-06-06 01:45:00,0.0
2025-06-06 02:00:00,0.0
2025-06-06 02:15:00,0.0
2025-06-06 02:30:00,0.0
2025-06-06 02:45:00,0.0
2025-06-06 03:00:00,0.0
2025-06-06 03:15:00,0.0
2025-06-06 03:30:00,0.0
2025-06-06 03:45:00,0.0
2025-06-06 04:00:00,0.000998
2025-06-06 04:15:00,0.012267
2025-06-06 04:30:00,0.018638
2025-06-06 04:45:00,0.01764
2025-06-06 05:00:00,0.021063
2025-06-06 05:15:00,0.039369
2025-06-06 05:30:00,0.066327
2025-06-06 05:45:00,0.075314
2025-06-06 06:00:00,0.091432
2025-06-06 06:15:00,0.119247
2025-06-06 06:30:00,0.152434
2025-06-06 06:45:00,0.235165
2025-06-06 07:00:00,0.434719
2025-06-06 07:15:00,0.349848
2025-06-06 07:30:00,0.355173
2025-06-06 07:45:00,0.46144
2025-06-06 08:00:00,0.475276
2025-06-06 08:15:00,0.414369
2025-06-06 08:30:00,0.406618
2025-06-06 08:45:00,0.333682
2025-06-06 09:00:00,0.425922
2025-06-06 09:15:00,0.373098
2025-06-06 09:30:00,0.444608
2025-06-06 09:45:00,0.575789
2025-06-06 10:00:00,0.629564
2025-06-06 10:15:00,0.537562
2025-06-06 10:30:00,0.583444
2025-06-06 10:45:00,0.613208
2025-06-06 11:00:00,0.680582
2025-06-06 11:15:00,0.698079
2025-06-06 11:30:00,0.728033
2025-06-06 11:45:00,0.690377
2025-06-06 12:00:00,0.538513
2025-06-06 12:15:00,0.678915
2025-06-06 12:30:00,0.704736
2025-06-06 12:45:00,0.620531
2025-06-06 13:00:00,0.658806
2025-06-06 13:15:00,0.549258
2025-06-06 13:30:00,0.467145
2025-06-06 13:45:00,0.618296
2025-06-06 14:00:00,0.549116
2025-06-06 14:15:00,0.526246
2025-06-06 14:30:00,0.312048
2025-06-06 14:45:00,0.411896
2025-06-06 15:00:00,0.34224
2025-06-06 15:15:00,0.251617
2025-06-06 15:30:00,0.406476
2025-06-06 15:45:00,0.232978
2025-06-06 16:00:00,0.220093
2025-06-06 16:15:00,0.128946
2025-06-06 16:30:00,0.12229
2025-06-06 16:45:00,0.059338
2025-06-06 17:00:00,0.048165
2025-06-06 17:15:00,0.026341
2025-06-06 17:30:00,0.061858
2025-06-06 17:45:00,0.037277
2025-06-06 18:00:00,0.026626
2025-06-06 18:15:00,0.018591
2025-06-06 18:30:00,0.015215
2025-06-06 18:45:00,0.0097
2025-06-06 19:00:00,0.000238
2025-06-06 19:15:00,0.0
2025-06-06 19:30:00,0.0
2025-06-06 19:45:00,0.0
2025-06-06 20:00:00,0.0
2025-06-06 20:15:00,0.0
2025-06-06 20:30:00,0.0
2025-06-06 20:45:00,0.0
2025-06-06 21:00:00,0.0
2025-06-06 21:15:00,0.0
2025-06-06 21:30:00,0.0
2025-06-06 21:45:00,0.0
2025-06-06 22:00:00,0.0
2025-06-06 22:15:00,0.0
2025-06-06 22:30:00,0.0
2025-06-06 22:45:00,0.0
2025-06-06 23:00:00,0.0
2025-06-06 23:15:00,0.0
2025-06-06 23:30:00,0.0
2025-06-06 23:45:00,0.0
2025-06-07 00:00:00,0.0
2025-06-07 00:15:00,0.0
2025-06-07 00:30:00,0.0
2025-06-07 00:45:00,0.0
2025-06-07 01:00:00,0.0
2025-06-07 01:15:00,0.0
2025-06-07 01:30:00,0.0
2025-06-07 01:45:00,0.0
2025-06-07 02:00:00,0.0
2025-06-07 02:15:00,0.0
2025-06-07 02:30:00,0.0
2025-06-07 02:45:00,0.0
2025-06-07 03:00:00,0.0
2025-06-07 03:15:00,0.0
2025-06-07 03:30:00,0.0
2025-06-07 03:45:00,0.0
2025-06-07 04:00:00,0.000951
2025-06-07 04:15:00,0.001569
2025-06-07 04:30:00,0.002948
2025-06-07 04:45:00,0.007512
2025-06-07 05:00:00,0.004469
2025-06-07 05:15:00,0.011411
2025-06-07 05:30:00,0.022822
2025-06-07 05:45:00,0.024391
2025-06-07 06:00:00,0.025295
2025-06-07 06:15:00,0.013361
2025-06-07 06:30:00,0.013503
2025-06-07 06:45:00,0.063237
2025-06-07 07:00:00,0.072794
2025-06-07 07:15:00,0.087058
2025-06-07 07:30:00,0.084443
2025-06-07 07:45:00,0.061335
2025-06-07 08:00:00,0.047784
2025-06-07 08:15:00,0.062334
2025-06-07 08:30:00,0.073459
2025-06-07 08:45:00,0.081828
2025-06-07 09:00:00,0.093382
2025-06-07 09:15:00,0.102701
2025-06-07 09:30:00,0.08625
2025-06-07 09:45:00,0.059338
2025-06-07 10:00:00,0.052396
2025-06-07 10:15:00,0.05891
2025-06-07 10:30:00,0.070797
2025-06-07 10:45:00,0.068134
2025-06-07 11:00:00,0.085727
2025-06-07 11:15:00,0.107218
2025-06-07 11:30:00,0.095664
2025-06-07 11:45:00,0.114112
2025-06-07 12:00:00,0.174829
2025-06-07 12:15:00,0.105839
2025-06-07 12:30:00,0.12229
2025-06-07 12:45:00,0.097471
2025-06-07 13:00:00,0.090624
2025-06-07 13:15:00,0.14012
2025-06-07 13:30:00,0.152339
2025-06-07 13:45:00,0.15833
2025-06-07 14:00:00,0.368248
2025-06-07 14:15:00,0.546453
2025-06-07 14:30:00,0.429298
2025-06-07 14:45:00,0.380801
2025-06-07 15:00:00,0.1279
2025-06-07 15:15:00,0.103129
2025-06-07 15:30:00,0.19689
2025-06-07 15:45:00,0.133511
2025-06-07 16:00:00,0.056105
2025-06-07 16:15:00,0.009034
2025-06-07 16:30:00,0.000761
2025-06-07 16:45:00,0.007132
2025-06-07 17:00:00,0.022394
2025-06-07 17:15:00,0.064331
2025-06-07 17:30:00,0.008701
2025-06-07 17:45:00,0.008844
2025-06-07 18:00:00,0.006894
2025-06-07 18:15:00,0.015928
2025-06-07 18:30:00,0.0029
2025-06-07 18:45:00,0.000761
2025-06-07 19:00:00,0.0
2025-06-07 19:15:00,0.0
2025-06-07 19:30:00,0.0
2025-06-07 19:45:00,0.0
2025-06-07 20:00:00,0.0
2025-06-07 20:15:00,0.0
2025-06-07 20:30:00,0.0
2025-06-07 20:45:00,0.0
2025-06-07 21:00:00,0.0
2025-06-07 21:15:00,0.0
2025-06-07 21:30:00,0.0
2025-06-07 21:45:00,0.0
2025-06-07 22:00:00,0.0
2025-06-07 22:15:00,0.0
2025-06-07 22:30:00,0.0
2025-06-07 22:45:00,0.0
2025-06-07 23:00:00,0.0
2025-06-07 23:15:00,0.0
2025-06-07 23:30:00,0.0
2025-06-07 23:45:00,0.0
2025-06-08 00:00:00,0.0
2025-06-08 00:15:00,0.0
2025-06-08 00:30:00,0.0
2025-06-08 00:45:00,0.0
2025-06-08 01:00:00,0.0
2025-06-08 01:15:00,0.0
2025-06-08 01:30:00,0.0
2025-06-08 01:45:00,0.0
2025-06-08 02:00:00,0.0
2025-06-08 02:15:00,0.0
2025-06-08 02:30:00,0.0
2025-06-08 02:45:00,0.0
2025-06-08 03:00:00,0.0
2025-06-08 03:15:00,0.0
2025-06-08 03:30:00,0.0
2025-06-08 03:45:00,0.0
2025-06-08 04:00:00,4.8e-05
2025-06-08 04:15:00,0.000523
2025-06-08 04:30:00,0.000713
2025-06-08 04:45:00,0.000238
2025-06-08 05:00:00,0.000951
2025-06-08 05:15:00,0.000428
2025-06-08 05:30:00,0.011554
2025-06-08 05:45:00,0.019447
2025-06-08 06:00:00,0.034234
2025-06-08 06:15:00,0.052016
2025-06-08 06:30:00,0.035232
2025-06-08 06:45:00,0.041508
2025-06-08 07:00:00,0.02596
2025-06-08 07:15:00,0.008939
2025-06-08 07:30:00,0.014835
2025-06-08 07:45:00,0.020873
2025-06-08 08:00:00,0.029241
2025-06-08 08:15:00,0.039369
2025-06-08 08:30:00,0.117393
2025-06-08 08:45:00,0.278385
2025-06-08 09:00:00,0.201312
2025-06-08 09:15:00,0.361877
2025-06-08 09:30:00,0.598659
2025-06-08 09:45:00,0.503138
2025-06-08 10:00:00,0.604127
2025-06-08 10:15:00,0.671314
2025-06-08 10:30:00,0.574791
2025-06-08 10:45:00,0.166556
2025-06-08 11:00:00,0.259462
2025-06-08 11:15:00,0.710156
2025-06-08 11:30:00,0.706878
2025-06-08 11:45:00,0.698028
2025-06-08 12:00:00,0.54303
2025-06-08 12:15:00,0.157094
2025-06-08 12:30:00,0.113161
2025-06-08 12:45:00,0.167649
2025-06-08 13:00:00,0.6637
2025-06-08 13:15:00,0.655192
2025-06-08 13:30:00,0.487638
2025-06-08 13:45:00,0.239302
2025-06-08 14:00:00,0.398631
2025-06-08 14:15:00,0.20388
2025-06-08 14:30:00,0.199458
2025-06-08 14:45:00,0.287372
2025-06-08 15:00:00,0.292221
2025-06-08 15:15:00,0.21453
2025-06-08 15:30:00,0.135936
2025-06-08 15:45:00,0.290795
2025-06-08 16:00:00,0.297024
2025-06-08 16:15:00,0.28566
2025-06-08 16:30:00,0.233644
2025-06-08 16:45:00,0.121767
2025-06-08 17:00:00,0.060289
2025-06-08 17:15:00,0.091337
2025-06-08 17:30:00,0.049829
2025-06-08 17:45:00,0.052159
2025-06-08 18:00:00,0.045787
2025-06-08 18:15:00,0.016689
2025-06-08 18:30:00,0.02035
2025-06-08 18:45:00,0.007132
2025-06-08 19:00:00,0.000285
2025-06-08 19:15:00,0.0
2025-06-08 19:30:00,0.0
2025-06-08 19:45:00,0.0
2025-06-08 20:00:00,0.0
2025-06-08 20:15:00,0.0
2025-06-08 20:30:00,0.0
2025-06-08 20:45:00,0.0
2025-06-08 21:00:00,0.0
2025-06-08 21:15:00,0.0
2025-06-08 21:30:00,0.0
2025-06-08 21:45:00,0.0
2025-06-08 22:00:00,0.0
2025-06-08 22:15:00,0.0
2025-06-08 22:30:00,0.0
2025-06-08 22:45:00,0.0
2025-06-08 23:00:00,0.0
2025-06-08 23:15:00,0.0
2025-06-08 23:30:00,0.0
2025-06-08 23:45:00,0.0
2025-06-09 00:00:00,0.0
2025-06-09 00:15:00,0.0
2025-06-09 00:30:00,0.0
2025-06-09 00:45:00,0.0
2025-06-09 01:00:00,0.0
2025-06-09 01:15:00,0.0
2025-06-09 01:30:00,0.0
2025-06-09 01:45:00,0.0
2025-06-09 02:00:00,0.0
2025-06-09 02:15:00,0.0
2025-06-09 02:30:00,0.0
2025-06-09 02:45:00,0.0
2025-06-09 03:00:00,0.0
2025-06-09 03:15:00,0.0
2025-06-09 03:30:00,0.000333
2025-06-09 03:45:00,0.005515
2025-06-09 04:00:00,0.016308
2025-06-09 04:15:00,0.028433
2025-06-09 04:30:00,0.042744
2025-06-09 04:45:00,0.060765
2025-06-09 05:00:00,0.087438
2025-06-09 05:15:00,0.120768
2025-06-09 05:30:00,0.153671
2025-06-09 05:45:00,0.193562
2025-06-09 06:00:00,0.233264
2025-06-09 06:15:00,0.27558
2025-06-09 06:30:00,0.319275
2025-06-09 06:45:00,0.359262
2025-06-09 07:00:00,0.401626
2025-06-09 07:15:00,0.443562
2025-06-09 07:30:00,0.415367
2025-06-09 07:45:00,0.501664
2025-06-09 08:00:00,0.50271
2025-06-09 08:15:00,0.578024
2025-06-09 08:30:00,0.469237
2025-06-09 08:45:00,0.58468
2025-06-09 09:00:00,0.666844
2025-06-09 09:15:00,0.662134
2025-06-09 09:30:00,0.67868
2025-06-09 09:45:00,0.693229
2025-06-09 10:00:00,0.682103
2025-06-09 10:15:00,0.713243
2025-06-09 10:30:00,0.593905
2025-06-09 10:45:00,0.635508
2025-06-09 11:00:00,0.694656
2025-06-09 11:15:00,0.476987
2025-06-09 11:30:00,0.449886
2025-06-09 11:45:00,0.642786
2025-06-09 12:00:00,0.705401
2025-06-09 12:15:00,0.535945
2025-06-09 12:30:00,0.628233
2025-06-09 12:45:00,0.584062
2025-06-09 13:00:00,0.699981
2025-06-09 13:15:00,0.624477
2025-06-09 13:30:00,0.48973
2025-06-09 13:45:00,0.608216
2025-06-09 14:00:00,0.565852
2025-06-09 14:15:00,0.525295
2025-06-09 14:30:00,0.435289
2025-06-09 14:45:00,0.47965
2025-06-09 15:00:00,0.446272
2025-06-09 15:15:00,0.415843
2025-06-09 15:30:00,0.387267
2025-06-09 15:45:00,0.348517
2025-06-09 16:00:00,0.307531
2025-06-09 16:15:00,0.257703
2025-06-09 16:30:00,0.220616
2025-06-09 16:45:00,0.193039
2025-06-09 17:00:00,0.156238
2025-06-09 17:15:00,0.121434
2025-06-09 17:30:00,0.090434
2025-06-09 17:45:00,0.065614
2025-06-09 18:00:00,0.044361
2025-06-09 18:15:00,0.03062
2025-06-09 18:30:00,0.018781
2025-06-09 18:45:00,0.004992
2025-06-09 19:00:00,0.000285
2025-06-09 19:15:00,0.0
2025-06-09 19:30:00,0.0
2025-06-09 19:45:00,0.0
2025-06-09 20:00:00,0.0
2025-06-09 20:15:00,0.0
2025-06-09 20:30:00,0.0
2025-06-09 20:45:00,0.0
2025-06-09 21:00:00,0.0
2025-06-09 21:15:00,0.0
2025-06-09 21:30:00,0.0
2025-06-09 21:45:00,0.0
2025-06-09 22:00:00,0.0
2025-06-09 22:15:00,0.0
2025-06-09 22:30:00,0.0
2025-06-09 22:45:00,0.0
2025-06-09 23:00:00,0.0
2025-06-09 23:15:00,0.0
2025-06-09 23:30:00,0.0
2025-06-09 23:45:00,0.0
2025-06-10 00:00:00,0.0
2025-06-10 00:15:00,0.0
2025-06-10 00:30:00,0.0
2025-06-10 00:45:00,0.0
2025-06-10 01:00:00,0.0
2025-06-10 01:15:00,0.0
2025-06-10 01:30:00,0.0
2025-06-10 01:45:00,0.0
2025-06-10 02:00:00,0.0
2025-06-10 02:15:00,0.0
2025-06-10 02:30:00,0.0
2025-06-10 02:45:00,0.0
2025-06-10 03:00:00,0.0
2025-06-10 03:15:00,0.0
2025-06-10 03:30:00,0.000333
2025-06-10 03:45:00,0.006657
2025-06-10 04:00:00,0.017687
2025-06-10 04:15:00,0.030097
2025-06-10 04:30:00,0.044694
2025-06-10 04:45:00,0.064521
2025-06-10 05:00:00,0.088342
2025-06-10 05:15:00,0.116109
2025-06-10 05:30:00,0.147822
2025-06-10 05:45:00,0.184433
2025-06-10 06:00:00,0.223326
2025-06-10 06:15:00,0.262267
2025-06-10 06:30:00,0.304156
2025-06-10 06:45:00,0.345521
2025-06-10 07:00:00,0.383321
2025-06-10 07:15:00,0.419456
2025-06-10 07:30:00,0.455544
2025-06-10 07:45:00,0.488208
2025-06-10 08:00:00,0.516736
2025-06-10 08:15:00,0.547499
2025-06-10 08:30:00,0.554916
2025-06-10 08:45:00,0.580021
2025-06-10 09:00:00,0.609452
2025-06-10 09:15:00,0.61706
2025-06-10 09:30:00,0.639926
2025-06-10 09:45:00,0.520778
2025-06-10 10:00:00,0.612685
2025-06-10 10:15:00,0.675022
2025-06-10 10:30:00,0.624952
2025-06-10 10:45:00,0.672264
2025-06-10 11:00:00,0.532332
2025-06-10 11:15:00,0.524059
2025-06-10 11:30:00,0.460489
2025-06-10 11:45:00,0.547404
2025-06-10 12:00:00,0.677919
2025-06-10 12:15:00,0.713389
2025-06-10 12:30:00,0.661899
2025-06-10 12:45:00,0.502805
2025-06-10 13:00:00,0.561192
2025-06-10 13:15:00,0.56937
2025-06-10 13:30:00,0.483406
2025-06-10 13:45:00,0.402339
2025-06-10 14:00:00,0.332731
2025-06-10 14:15:00,0.278718
2025-06-10 14:30:00,0.340814
2025-06-10 14:45:00,0.361021
2025-06-10 15:00:00,0.335251
2025-06-10 15:15:00,0.314996
2025-06-10 15:30:00,0.292031
2025-06-10 15:45:00,0.250951
2025-06-10 16:00:00,0.232265
2025-06-10 16:15:00,0.167031
2025-06-10 16:30:00,0.138979
2025-06-10 16:45:00,0.139026
2025-06-10 17:00:00,0.115491
2025-06-10 17:15:00,0.08392
2025-06-10 17:30:00,0.069989
2025-06-10 17:45:00,0.055107
2025-06-10 18:00:00,0.039606
2025-06-10 18:15:00,0.032332
2025-06-10 18:30:00,0.027292
2025-06-10 18:45:00,0.002615
2025-06-10 19:00:00,0.000523
2025-06-10 19:15:00,0.0
2025-06-10 19:30:00,0.0
2025-06-10 19:45:00,0.0
2025-06-10 20:00:00,0.0
2025-06-10 20:15:00,0.0
2025-06-10 20:30:00,0.0
2025-06-10 20:45:00,0.0
2025-06-10 21:00:00,0.0
2025-06-10 21:15:00,0.0
2025-06-10 21:30:00,0.0
2025-06-10 21:45:00,0.0
2025-06-10 22:00:00,0.0
2025-06-10 22:15:00,0.0
2025-06-10 22:30:00,0.0
2025-06-10 22:45:00,0.0
2025-06-10 23:00:00,0.0
2025-06-10 23:15:00,0.0
2025-06-10 23:30:00,0.0
2025-06-10 23:45:00,0.0
2025-06-11 00:00:00,0.0
2025-06-11 00:15:00,0.0
2025-06-11 00:30:00,0.0
2025-06-11 00:45:00,0.0
2025-06-11 01:00:00,0.0
2025-06-11 01:15:00,0.0
2025-06-11 01:30:00,0.0
2025-06-11 01:45:00,0.0
2025-06-11 02:00:00,0.0
2025-06-11 02:15:00,0.0
2025-06-11 02:30:00,0.0
2025-06-11 02:45:00,0.0
2025-06-11 03:00:00,0.0
2025-06-11 03:15:00,0.0
2025-06-11 03:30:00,4.8e-05
2025-06-11 03:45:00,0.005563
2025-06-11 04:00:00,0.011934
2025-06-11 04:15:00,0.020493
2025-06-11 04:30:00,0.029954
2025-06-11 04:45:00,0.06124
2025-06-11 05:00:00,0.050162
2025-06-11 05:15:00,0.081875
2025-06-11 05:30:00,0.123146
2025-06-11 05:45:00,0.148536
2025-06-11 06:00:00,0.199838
2025-06-11 06:15:00,0.222708
2025-06-11 06:30:00,0.267925
2025-06-11 06:45:00,0.226322
2025-06-11 07:00:00,0.240348
2025-06-11 07:15:00,0.276769
2025-06-11 07:30:00,0.285517
2025-06-11 07:45:00,0.307959
2025-06-11 08:00:00,0.258749
2025-06-11 08:15:00,0.448459
2025-06-11 08:30:00,0.514216
2025-06-11 08:45:00,0.627092
2025-06-11 09:00:00,0.577168
2025-06-11 09:15:00,0.705496
2025-06-11 09:30:00,0.430582
2025-06-11 09:45:00,0.654622
2025-06-11 10:00:00,0.481124
2025-06-11 10:15:00,0.444323
2025-06-11 10:30:00,0.64316
2025-06-11 10:45:00,0.744434
2025-06-11 11:00:00,0.720952
2025-06-11 11:15:00,0.737448
2025-06-11 11:30:00,0.717383
2025-06-11 11:45:00,0.706352
2025-06-11 12:00:00,0.68966
2025-06-11 12:15:00,0.640167
2025-06-11 12:30:00,0.728655
2025-06-11 12:45:00,0.689616
2025-06-11 13:00:00,0.674781
2025-06-11 13:15:00,0.676017
2025-06-11 13:30:00,0.639641
2025-06-11 13:45:00,0.661709
2025-06-11 14:00:00,0.61221
2025-06-11 14:15:00,0.589578
2025-06-11 14:30:00,0.556485
2025-06-11 14:45:00,0.51997
2025-06-11 15:00:00,0.498478
2025-06-11 15:15:00,0.461535
2025-06-11 15:30:00,0.422832
2025-06-11 15:45:00,0.383416
2025-06-11 16:00:00,0.340101
2025-06-11 16:15:00,0.299401
2025-06-11 16:30:00,0.253804
2025-06-11 16:45:00,0.207826
2025-06-11 17:00:00,0.163655
2025-06-11 17:15:00,0.122005
2025-06-11 17:30:00,0.087105
2025-06-11 17:45:00,0.057817
2025-06-11 18:00:00,0.036658
2025-06-11 18:15:00,0.023536
2025-06-11 18:30:00,0.016594
2025-06-11 18:45:00,0.008939
2025-06-11 19:00:00,0.000951
2025-06-11 19:15:00,4.8e-05
2025-06-11 19:30:00,0.0
2025-06-11 19:45:00,0.0
2025-06-11 20:00:00,0.0
2025-06-11 20:15:00,0.0
2025-06-11 20:30:00,0.0
2025-06-11 20:45:00,0.0
2025-06-11 21:00:00,0.0
2025-06-11 21:15:00,0.0
2025-06-11 21:30:00,0.0
2025-06-11 21:45:00,0.0
2025-06-11 22:00:00,0.0
2025-06-11 22:15:00,0.0
2025-06-11 22:30:00,0.0
2025-06-11 22:45:00,0.0
2025-06-11 23:00:00,0.0
2025-06-11 23:15:00,0.0
2025-06-11 23:30:00,0.0
2025-06-11 23:45:00,0.0
2025-06-12 00:00:00,0.0
2025-06-12 00:15:00,0.0
2025-06-12 00:30:00,0.0
2025-06-12 00:45:00,0.0
2025-06-12 01:00:00,0.0
2025-06-12 01:15:00,0.0
2025-06-12 01:30:00,0.0
2025-06-12 01:45:00,0.0
2025-06-12 02:00:00,0.0
2025-06-12 02:15:00,0.0
2025-06-12 02:30:00,0.0
2025-06-12 02:45:00,0.0
2025-06-12 03:00:00,0.0
2025-06-12 03:15:00,0.0
2025-06-12 03:30:00,0.000523
2025-06-12 03:45:00,0.005753
2025-06-12 04:00:00,0.013503
2025-06-12 04:15:00,0.020065
2025-06-12 04:30:00,0.033188
2025-06-12 04:45:00,0.053918
2025-06-12 05:00:00,0.082731
2025-06-12 05:15:00,0.118486
2025-06-12 05:30:00,0.159234
2025-06-12 05:45:00,0.203309
2025-06-12 06:00:00,0.248098
2025-06-12 06:15:00,0.292697
2025-06-12 06:30:00,0.33701
2025-06-12 06:45:00,0.380135
2025-06-12 07:00:00,0.421168
2025-06-12 07:15:00,0.460964
2025-06-12 07:30:00,0.499239
2025-06-12 07:45:00,0.533901
2025-06-12 08:00:00,0.564235
2025-06-12 08:15:00,0.426873
2025-06-12 08:30:00,0.284281
2025-06-12 08:45:00,0.283758
2025-06-12 09:00:00,0.282855
2025-06-12 09:15:00,0.282332
2025-06-12 09:30:00,0.281191
2025-06-12 09:45:00,0.280525
2025-06-12 10:00:00,0.281
2025-06-12 10:15:00,0.280287
2025-06-12 10:30:00,0.279764
2025-06-12 10:45:00,0.280049
2025-06-12 11:00:00,0.280145
2025-06-12 11:15:00,0.280097
2025-06-12 11:30:00,0.279764
2025-06-12 11:45:00,0.279764
2025-06-12 12:00:00,0.279717
2025-06-12 12:15:00,0.279717
2025-06-12 12:30:00,0.280097
2025-06-12 12:45:00,0.279574
2025-06-12 13:00:00,0.279764
2025-06-12 13:15:00,0.279907
2025-06-12 13:30:00,0.280002
2025-06-12 13:45:00,0.280145
2025-06-12 14:00:00,0.280525
2025-06-12 14:15:00,0.323412
2025-06-12 14:30:00,0.545787
2025-06-12 14:45:00,0.512838
2025-06-12 15:00:00,0.479507
2025-06-12 15:15:00,0.444751
2025-06-12 15:30:00,0.411896
2025-06-12 15:45:00,0.372623
2025-06-12 16:00:00,0.33159
2025-06-12 16:15:00,0.289701
2025-06-12 16:30:00,0.246909
2025-06-12 16:45:00,0.204403
2025-06-12 17:00:00,0.162181
2025-06-12 17:15:00,0.121909
2025-06-12 17:30:00,0.086154
2025-06-12 17:45:00,0.057246
2025-06-12 18:00:00,0.035612
2025-06-12 18:15:00,0.021681
2025-06-12 18:30:00,0.014835
2025-06-12 18:45:00,0.007703
2025-06-12 19:00:00,0.000856
2025-06-12 19:15:00,4.8e-05
2025-06-12 19:30:00,0.0
2025-06-12 19:45:00,0.0
2025-06-12 20:00:00,0.0
2025-06-12 20:15:00,0.0
2025-06-12 20:30:00,0.0
2025-06-12 20:45:00,0.0
2025-06-12 21:00:00,0.0
2025-06-12 21:15:00,0.0
2025-06-12 21:30:00,0.0
2025-06-12 21:45:00,0.0
2025-06-12 22:00:00,0.0
2025-06-12 22:15:00,0.0
2025-06-12 22:30:00,0.0
2025-06-12 22:45:00,0.0
2025-06-12 23:00:00,0.0
2025-06-12 23:15:00,0.0
2025-06-12 23:30:00,0.0
2025-06-12 23:45:00,0.0
2025-06-13 00:00:00,0.0
2025-06-13 00:15:00,0.0
2025-06-13 00:30:00,0.0
2025-06-13 00:45:00,0.0
2025-06-13 01:00:00,0.0
2025-06-13 01:15:00,0.0
2025-06-13 01:30:00,0.0
2025-06-13 01:45:00,0.0
2025-06-13 02:00:00,0.0
2025-06-13 02:15:00,0.0
2025-06-13 02:30:00,0.0
2025-06-13 02:45:00,0.0
2025-06-13 03:00:00,0.0
2025-06-13 03:15:00,0.000238
2025-06-13 03:30:00,0.00504
2025-06-13 03:45:00,0.016404
2025-06-13 04:00:00,0.024772
2025-06-13 04:15:00,0.031571
2025-06-13 04:30:00,0.041746
2025-06-13 04:45:00,0.058435
2025-06-13 05:00:00,0.08625
2025-06-13 05:15:00,0.12229
2025-06-13 05:30:00,0.164226
2025-06-13 05:45:00,0.203785
2025-06-13 06:00:00,0.264835
2025-06-13 06:15:00,0.299258
2025-06-13 06:30:00,0.288085
2025-06-13 06:45:00,0.370721
2025-06-13 07:00:00,0.414273
2025-06-13 07:15:00,0.435432
2025-06-13 07:30:00,0.476132
2025-06-13 07:45:00,0.526816
2025-06-13 08:00:00,0.571225
2025-06-13 08:15:00,0.597851
2025-06-13 08:30:00,0.618439
2025-06-13 08:45:00,0.643496
2025-06-13 09:00:00,0.657094
2025-06-13 09:15:00,0.675732
2025-06-13 09:30:00,0.692849
2025-06-13 09:45:00,0.708349
2025-06-13 10:00:00,0.71957
2025-06-13 10:15:00,0.720806
2025-06-13 10:30:00,0.717763
2025-06-13 10:45:00,0.719234
2025-06-13 11:00:00,0.704165
2025-06-13 11:15:00,0.711728
2025-06-13 11:30:00,0.710492
2025-06-13 11:45:00,0.703455
2025-06-13 12:00:00,0.685146
2025-06-13 12:15:00,0.67454
2025-06-13 12:30:00,0.680056
2025-06-13 12:45:00,0.669551
2025-06-13 13:00:00,0.660327
2025-06-13 13:15:00,0.64825
2025-06-13 13:30:00,0.633416
2025-06-13 13:45:00,0.608311
2025-06-13 14:00:00,0.580924
2025-06-13 14:15:00,0.562999
2025-06-13 14:30:00,0.53837
2025-06-13 14:45:00,0.511934
2025-06-13 15:00:00,0.478224
2025-06-13 15:15:00,0.444513
2025-06-13 15:30:00,0.410945
2025-06-13 15:45:00,0.369247
2025-06-13 16:00:00,0.307722
2025-06-13 16:15:00,0.252472
2025-06-13 16:30:00,0.212914
2025-06-13 16:45:00,0.187952
2025-06-13 17:00:00,0.162562
2025-06-13 17:15:00,0.124002
2025-06-13 17:30:00,0.086915
2025-06-13 17:45:00,0.06357
2025-06-13 18:00:00,0.041793
2025-06-13 18:15:00,0.027006
2025-06-13 18:30:00,0.017925
2025-06-13 18:45:00,0.010127
2025-06-13 19:00:00,0.001521
2025-06-13 19:15:00,9.5e-05
2025-06-13 19:30:00,0.0
2025-06-13 19:45:00,0.0
2025-06-13 20:00:00,0.0
2025-06-13 20:15:00,0.0
2025-06-13 20:30:00,0.0
2025-06-13 20:45:00,0.0
2025-06-13 21:00:00,0.0
2025-06-13 21:15:00,0.0
2025-06-13 21:30:00,0.0
2025-06-13 21:45:00,0.0
2025-06-13 22:00:00,0.0
2025-06-13 22:15:00,0.0
2025-06-13 22:30:00,0.0
2025-06-13 22:45:00,0.0
2025-06-13 23:00:00,0.0
2025-06-13 23:15:00,0.0
2025-06-13 23:30:00,0.0
2025-06-13 23:45:00,0.0
2025-06-14 00:00:00,0.0
2025-06-14 00:15:00,0.0
2025-06-14 00:30:00,0.0
2025-06-14 00:45:00,0.0
2025-06-14 01:00:00,0.0
2025-06-14 01:15:00,0.0
2025-06-14 01:30:00,0.0
2025-06-14 01:45:00,0.0
2025-06-14 02:00:00,0.0
2025-06-14 02:15:00,0.0
2025-06-14 02:30:00,0.0
2025-06-14 02:45:00,0.0
2025-06-14 03:00:00,0.0
2025-06-14 03:15:00,4.8e-05
2025-06-14 03:30:00,0.000618
2025-06-14 03:45:00,0.007465
2025-06-14 04:00:00,0.016023
2025-06-14 04:15:00,0.024106
2025-06-14 04:30:00,0.03818
2025-06-14 04:45:00,0.057769
2025-06-14 05:00:00,0.084823
2025-06-14 05:15:00,0.119009
2025-06-14 05:30:00,0.15814
2025-06-14 05:45:00,0.200314
2025-06-14 06:00:00,0.24282
2025-06-14 06:15:00,0.28604
2025-06-14 06:30:00,0.328927
2025-06-14 06:45:00,0.370959
2025-06-14 07:00:00,0.41356
2025-06-14 07:15:00,0.452501
2025-06-14 07:30:00,0.487543
2025-06-14 07:45:00,0.519827
2025-06-14 08:00:00,0.551588
2025-06-14 08:15:00,0.569608
2025-06-14 08:30:00,0.565281
2025-06-14 08:45:00,0.568039
2025-06-14 09:00:00,0.569466
2025-06-14 09:15:00,0.568847
2025-06-14 09:30:00,0.569608
2025-06-14 09:45:00,0.569846
2025-06-14 10:00:00,0.570654
2025-06-14 10:15:00,0.570749
2025-06-14 10:30:00,0.569703
2025-06-14 10:45:00,0.570369
2025-06-14 11:00:00,0.569893
2025-06-14 11:15:00,0.56861
2025-06-14 11:30:00,0.568657
2025-06-14 11:45:00,0.567516
2025-06-14 12:00:00,0.566565
2025-06-14 12:15:00,0.567041
2025-06-14 12:30:00,0.565519
2025-06-14 12:45:00,0.564758
2025-06-14 13:00:00,0.563047
2025-06-14 13:15:00,0.561763
2025-06-14 13:30:00,0.560717
2025-06-14 13:45:00,0.529336
2025-06-14 14:00:00,0.555344
2025-06-14 14:15:00,0.54341
2025-06-14 14:30:00,0.523868
2025-06-14 14:45:00,0.494247
2025-06-14 15:00:00,0.462819
2025-06-14 15:15:00,0.427396
2025-06-14 15:30:00,0.393591
2025-06-14 15:45:00,0.352035
2025-06-14 16:00:00,0.236069
2025-06-14 16:15:00,0.312809
2025-06-14 16:30:00,0.230078
2025-06-14 16:45:00,0.193705
2025-06-14 17:00:00,0.161183
2025-06-14 17:15:00,0.121529
2025-06-14 17:30:00,0.088722
2025-06-14 17:45:00,0.062238
2025-06-14 18:00:00,0.042649
2025-06-14 18:15:00,0.028861
2025-06-14 18:30:00,0.019256
2025-06-14 18:45:00,0.009462
2025-06-14 19:00:00,0.000475
2025-06-14 19:15:00,0.0
2025-06-14 19:30:00,0.0
2025-06-14 19:45:00,0.0
2025-06-14 20:00:00,0.0
2025-06-14 20:15:00,0.0
2025-06-14 20:30:00,0.0
2025-06-14 20:45:00,0.0
2025-06-14 21:00:00,0.0
2025-06-14 21:15:00,0.0
2025-06-14 21:30:00,0.0
2025-06-14 21:45:00,0.0
2025-06-14 22:00:00,0.0
2025-06-14 22:15:00,0.0
2025-06-14 22:30:00,0.0
2025-06-14 22:45:00,0.0
2025-06-14 23:00:00,0.0
2025-06-14 23:15:00,0.0
2025-06-14 23:30:00,0.0
2025-06-14 23:45:00,0.0
2025-06-15 00:00:00,0.0
2025-06-15 00:15:00,0.0
2025-06-15 00:30:00,0.0
2025-06-15 00:45:00,0.0
2025-06-15 01:00:00,0.0
2025-06-15 01:15:00,0.0
2025-06-15 01:30:00,0.0
2025-06-15 01:45:00,0.0
2025-06-15 02:00:00,0.0
2025-06-15 02:15:00,0.0
2025-06-15 02:30:00,0.0
2025-06-15 02:45:00,0.0
2025-06-15 03:00:00,0.0
2025-06-15 03:15:00,4.8e-05
2025-06-15 03:30:00,0.000618
2025-06-15 03:45:00,0.009272
2025-06-15 04:00:00,0.017878
2025-06-15 04:15:00,0.027577
2025-06-15 04:30:00,0.04089
2025-06-15 04:45:00,0.059148
2025-06-15 05:00:00,0.081352
2025-06-15 05:15:00,0.110974
2025-06-15 05:30:00,0.143496
2025-06-15 05:45:00,0.185669
2025-06-15 06:00:00,0.22984
2025-06-15 06:15:00,0.267592
2025-06-15 06:30:00,0.276864
2025-06-15 06:45:00,0.286373
2025-06-15 07:00:00,0.286516
2025-06-15 07:15:00,0.283473
2025-06-15 07:30:00,0.281095
2025-06-15 07:45:00,0.28062
2025-06-15 08:00:00,0.279764
2025-06-15 08:15:00,0.279717
2025-06-15 08:30:00,0.279289
2025-06-15 08:45:00,0.279003
2025-06-15 09:00:00,0.278718
2025-06-15 09:15:00,0.278385
2025-06-15 09:30:00,0.278433
2025-06-15 09:45:00,0.162229
2025-06-15 10:00:00,0.0
2025-06-15 10:15:00,0.0
2025-06-15 10:30:00,0.0
2025-06-15 10:45:00,0.0
2025-06-15 11:00:00,0.0
2025-06-15 11:15:00,0.0
2025-06-15 11:30:00,0.0
2025-06-15 11:45:00,0.0
2025-06-15 12:00:00,0.0
2025-06-15 12:15:00,0.0
2025-06-15 12:30:00,0.0
2025-06-15 12:45:00,0.0
2025-06-15 13:00:00,0.0
2025-06-15 13:15:00,0.0
2025-06-15 13:30:00,0.0
2025-06-15 13:45:00,0.0
2025-06-15 14:00:00,0.0
2025-06-15 14:15:00,0.052301
2025-06-15 14:30:00,0.122908
2025-06-15 14:45:00,0.300162
2025-06-15 15:00:00,0.325124
2025-06-15 15:15:00,0.32617
2025-06-15 15:30:00,0.31899
2025-06-15 15:45:00,0.274867
2025-06-15 16:00:00,0.20426
2025-06-15 16:15:00,0.17093
2025-06-15 16:30:00,0.088342
2025-06-15 16:45:00,0.054013
2025-06-15 17:00:00,0.053918
2025-06-15 17:15:00,0.044076
2025-06-15 17:30:00,0.033901
2025-06-15 17:45:00,0.042364
2025-06-15 18:00:00,0.026008
2025-06-15 18:15:00,0.013884
2025-06-15 18:30:00,0.008178
2025-06-15 18:45:00,0.006276
2025-06-15 19:00:00,0.000285
2025-06-15 19:15:00,0.0
2025-06-15 19:30:00,0.0
2025-06-15 19:45:00,0.0
2025-06-15 20:00:00,0.0
2025-06-15 20:15:00,0.0
2025-06-15 20:30:00,0.0
2025-06-15 20:45:00,0.0
2025-06-15 21:00:00,0.0
2025-06-15 21:15:00,0.0
2025-06-15 21:30:00,0.0
2025-06-15 21:45:00,0.0
2025-06-15 22:00:00,0.0
2025-06-15 22:15:00,0.0
2025-06-15 22:30:00,0.0
2025-06-15 22:45:00,0.0
2025-06-15 23:00:00,0.0
2025-06-15 23:15:00,0.0
2025-06-15 23:30:00,0.0
2025-06-15 23:45:00,0.0
2025-06-16 00:00:00,0.0
2025-06-16 00:15:00,0.0
2025-06-16 00:30:00,0.0
2025-06-16 00:45:00,0.0
2025-06-16 01:00:00,0.0
2025-06-16 01:15:00,0.0
2025-06-16 01:30:00,0.0
2025-06-16 01:45:00,0.0
2025-06-16 02:00:00,0.0
2025-06-16 02:15:00,0.0
2025-06-16 02:30:00,0.0
2025-06-16 02:45:00,0.0
2025-06-16 03:00:00,0.0
2025-06-16 03:15:00,0.0
2025-06-16 03:30:00,0.0
2025-06-16 03:45:00,0.000666
2025-06-16 04:00:00,0.005135
2025-06-16 04:15:00,0.016213
2025-06-16 04:30:00,0.023536
2025-06-16 04:45:00,0.042221
2025-06-16 05:00:00,0.053585
2025-06-16 05:15:00,0.058007
2025-06-16 05:30:00,0.070749
2025-06-16 05:45:00,0.099705
2025-06-16 06:00:00,0.086677
2025-06-16 06:15:00,0.099325
2025-06-16 06:30:00,0.120911
2025-06-16 06:45:00,0.112067
2025-06-16 07:00:00,0.134034
2025-06-16 07:15:00,0.192136
2025-06-16 07:30:00,0.172689
2025-06-16 07:45:00,0.131942
2025-06-16 08:00:00,0.298307
2025-06-16 08:15:00,0.334728
2025-06-16 08:30:00,0.319608
2025-06-16 08:45:00,0.267735
2025-06-16 09:00:00,0.385555
2025-06-16 09:15:00,0.432674
2025-06-16 09:30:00,0.418077
2025-06-16 09:45:00,0.553205
2025-06-16 10:00:00,0.443134
2025-06-16 10:15:00,0.655192
2025-06-16 10:30:00,0.655522
2025-06-16 10:45:00,0.547404
2025-06-16 11:00:00,0.55582
2025-06-16 11:15:00,0.530525
2025-06-16 11:30:00,0.131942
2025-06-16 11:45:00,0.30387
2025-06-16 12:00:00,0.123764
2025-06-16 12:15:00,0.448887
2025-06-16 12:30:00,0.607883
2025-06-16 12:45:00,0.246482
2025-06-16 13:00:00,0.677774
2025-06-16 13:15:00,0.436953
2025-06-16 13:30:00,0.19418
2025-06-16 13:45:00,0.524344
2025-06-16 14:00:00,0.468049
2025-06-16 14:15:00,0.608073
2025-06-16 14:30:00,0.578927
2025-06-16 14:45:00,0.570607
2025-06-16 15:00:00,0.390928
2025-06-16 15:15:00,0.459728
2025-06-16 15:30:00,0.433577
2025-06-16 15:45:00,0.314426
2025-06-16 16:00:00,0.340434
2025-06-16 16:15:00,0.300019
2025-06-16 16:30:00,0.233692
2025-06-16 16:45:00,0.200029
2025-06-16 17:00:00,0.148488
2025-06-16 17:15:00,0.103509
2025-06-16 17:30:00,0.070702
2025-06-16 17:45:00,0.057864
2025-06-16 18:00:00,0.048212
2025-06-16 18:15:00,0.029717
2025-06-16 18:30:00,0.017497
2025-06-16 18:45:00,0.005753
2025-06-16 19:00:00,0.000523
2025-06-16 19:15:00,0.0
2025-06-16 19:30:00,0.0
2025-06-16 19:45:00,0.0
2025-06-16 20:00:00,0.0
2025-06-16 20:15:00,0.0
2025-06-16 20:30:00,0.0
2025-06-16 20:45:00,0.0
2025-06-16 21:00:00,0.0
2025-06-16 21:15:00,0.0
2025-06-16 21:30:00,0.0
2025-06-16 21:45:00,0.0
2025-06-16 22:00:00,0.0
2025-06-16 22:15:00,0.0
2025-06-16 22:30:00,0.0
2025-06-16 22:45:00,0.0
2025-06-16 23:00:00,0.0
2025-06-16 23:15:00,0.0
2025-06-16 23:30:00,0.0
2025-06-16 23:45:00,0.0
2025-06-17 00:00:00,0.0
2025-06-17 00:15:00,0.0
2025-06-17 00:30:00,0.0
2025-06-17 00:45:00,0.0
2025-06-17 01:00:00,0.0
2025-06-17 01:15:00,0.0
2025-06-17 01:30:00,0.0
2025-06-17 01:45:00,0.0
2025-06-17 02:00:00,0.0
2025-06-17 02:15:00,0.0
2025-06-17 02:30:00,0.0
2025-06-17 02:45:00,0.0
2025-06-17 03:00:00,0.0
2025-06-17 03:15:00,9.5e-05
2025-06-17 03:30:00,0.002187
2025-06-17 03:45:00,0.012124
2025-06-17 04:00:00,0.019399
2025-06-17 04:15:00,0.02848
2025-06-17 04:30:00,0.043933
2025-06-17 04:45:00,0.064854
2025-06-17 05:00:00,0.091432
2025-06-17 05:15:00,0.126141
2025-06-17 05:30:00,0.163703
2025-06-17 05:45:00,0.20659
2025-06-17 06:00:00,0.247385
2025-06-17 06:15:00,0.284043
2025-06-17 06:30:00,0.32945
2025-06-17 06:45:00,0.375666
2025-06-17 07:00:00,0.417174
2025-06-17 07:15:00,0.453927
2025-06-17 07:30:00,0.486877
2025-06-17 07:45:00,0.520683
2025-06-17 08:00:00,0.434338
2025-06-17 08:15:00,0.600371
2025-06-17 08:30:00,0.418648
2025-06-17 08:45:00,0.432817
2025-06-17 09:00:00,0.246006
2025-06-17 09:15:00,0.320131
2025-06-17 09:30:00,0.62985
2025-06-17 09:45:00,0.732598
2025-06-17 10:00:00,0.72927
2025-06-17 10:15:00,0.650196
2025-06-17 10:30:00,0.743965
2025-06-17 10:45:00,0.736351
2025-06-17 11:00:00,0.723425
2025-06-17 11:15:00,0.718524
2025-06-17 11:30:00,0.721992
2025-06-17 11:45:00,0.65272
2025-06-17 12:00:00,0.716242
2025-06-17 12:15:00,0.709725
2025-06-17 12:30:00,0.696323
2025-06-17 12:45:00,0.694275
2025-06-17 13:00:00,0.459253
2025-06-17 13:15:00,0.669836
2025-06-17 13:30:00,0.644161
2025-06-17 13:45:00,0.625951
2025-06-17 14:00:00,0.601607
2025-06-17 14:15:00,0.57113
2025-06-17 14:30:00,0.535184
2025-06-17 14:45:00,0.508511
2025-06-17 15:00:00,0.476322
2025-06-17 15:15:00,0.432151
2025-06-17 15:30:00,0.404764
2025-06-17 15:45:00,0.372005
2025-06-17 16:00:00,0.321082
2025-06-17 16:15:00,0.263836
2025-06-17 16:30:00,0.235784
2025-06-17 16:45:00,0.221282
2025-06-17 17:00:00,0.172071
2025-06-17 17:15:00,0.131704
2025-06-17 17:30:00,0.090434
2025-06-17 17:45:00,0.062619
2025-06-17 18:00:00,0.047119
2025-06-17 18:15:00,0.03295
2025-06-17 18:30:00,0.023393
2025-06-17 18:45:00,0.014787
2025-06-17 19:00:00,0.00252
2025-06-17 19:15:00,0.0
2025-06-17 19:30:00,0.0
2025-06-17 19:45:00,0.0
2025-06-17 20:00:00,0.0
2025-06-17 20:15:00,0.0
2025-06-17 20:30:00,0.0
2025-06-17 20:45:00,0.0
2025-06-17 21:00:00,0.0
2025-06-17 21:15:00,0.0
2025-06-17 21:30:00,0.0
2025-06-17 21:45:00,0.0
2025-06-17 22:00:00,0.0
2025-06-17 22:15:00,0.0
2025-06-17 22:30:00,0.0
2025-06-17 22:45:00,0.0
2025-06-17 23:00:00,0.0
2025-06-17 23:15:00,0.0
2025-06-17 23:30:00,0.0
2025-06-17 23:45:00,0.0
2025-06-18 00:00:00,0.0
2025-06-18 00:15:00,0.0
2025-06-18 00:30:00,0.0
2025-06-18 00:45:00,0.0
2025-06-18 01:00:00,0.0
2025-06-18 01:15:00,0.0
2025-06-18 01:30:00,0.0
2025-06-18 01:45:00,0.0
2025-06-18 02:00:00,0.0
2025-06-18 02:15:00,0.0
2025-06-18 02:30:00,0.0
2025-06-18 02:45:00,0.0
2025-06-18 03:00:00,0.0
2025-06-18 03:15:00,4.8e-05
2025-06-18 03:30:00,0.001236
2025-06-18 03:45:00,0.011506
2025-06-18 04:00:00,0.020493
2025-06-18 04:15:00,0.03043
2025-06-18 04:30:00,0.048355
2025-06-18 04:45:00,0.075029
2025-06-18 05:00:00,0.103319
2025-06-18 05:15:00,0.131181
2025-06-18 05:30:00,0.164749
2025-06-18 05:45:00,0.197651
2025-06-18 06:00:00,0.243629
2025-06-18 06:15:00,0.287039
2025-06-18 06:30:00,0.328071
2025-06-18 06:45:00,0.346234
2025-06-18 07:00:00,0.41066
2025-06-18 07:15:00,0.441708
2025-06-18 07:30:00,0.478937
2025-06-18 07:45:00,0.506419
2025-06-18 08:00:00,0.541746
2025-06-18 08:15:00,0.555534
2025-06-18 08:30:00,0.575504
2025-06-18 08:45:00,0.600704
2025-06-18 09:00:00,0.618962
2025-06-18 09:15:00,0.534471
2025-06-18 09:30:00,0.533045
2025-06-18 09:45:00,0.68405
2025-06-18 10:00:00,0.691993
2025-06-18 10:15:00,0.696133
2025-06-18 10:30:00,0.698979
2025-06-18 10:45:00,0.697889
2025-06-18 11:00:00,0.693946
2025-06-18 11:15:00,0.68947
2025-06-18 11:30:00,0.687524
2025-06-18 11:45:00,0.696513
2025-06-18 12:00:00,0.690142
2025-06-18 12:15:00,0.666889
2025-06-18 12:30:00,0.676968
2025-06-18 12:45:00,0.65866
2025-06-18 13:00:00,0.661944
2025-06-18 13:15:00,0.623003
2025-06-18 13:30:00,0.592621
2025-06-18 13:45:00,0.578737
2025-06-18 14:00:00,0.443087
2025-06-18 14:15:00,0.409947
2025-06-18 14:30:00,0.453404
2025-06-18 14:45:00,0.45949
2025-06-18 15:00:00,0.378851
2025-06-18 15:15:00,0.399106
2025-06-18 15:30:00,0.412039
2025-06-18 15:45:00,0.339007
2025-06-18 16:00:00,0.327976
2025-06-18 16:15:00,0.306818
2025-06-18 16:30:00,0.259747
2025-06-18 16:45:00,0.211107
2025-06-18 17:00:00,0.16589
2025-06-18 17:15:00,0.12714
2025-06-18 17:30:00,0.091622
2025-06-18 17:45:00,0.062334
2025-06-18 18:00:00,0.038703
2025-06-18 18:15:00,0.019066
2025-06-18 18:30:00,0.009462
2025-06-18 18:45:00,0.004755
2025-06-18 19:00:00,0.000571
2025-06-18 19:15:00,9.5e-05
2025-06-18 19:30:00,0.0
2025-06-18 19:45:00,0.0
2025-06-18 20:00:00,0.0
2025-06-18 20:15:00,0.0
2025-06-18 20:30:00,0.0
2025-06-18 20:45:00,0.0
2025-06-18 21:00:00,0.0
2025-06-18 21:15:00,0.0
2025-06-18 21:30:00,0.0
2025-06-18 21:45:00,0.0
2025-06-18 22:00:00,0.0
2025-06-18 22:15:00,0.0
2025-06-18 22:30:00,0.0
2025-06-18 22:45:00,0.0
2025-06-18 23:00:00,0.0
2025-06-18 23:15:00,0.0
2025-06-18 23:30:00,0.0
2025-06-18 23:45:00,0.0
2025-06-19 00:00:00,0.0
2025-06-19 00:15:00,0.0
2025-06-19 00:30:00,0.0
2025-06-19 00:45:00,0.0
2025-06-19 01:00:00,0.0
2025-06-19 01:15:00,0.0
2025-06-19 01:30:00,0.0
2025-06-19 01:45:00,0.0
2025-06-19 02:00:00,0.0
2025-06-19 02:15:00,0.0
2025-06-19 02:30:00,0.0
2025-06-19 02:45:00,0.0
2025-06-19 03:00:00,0.0
2025-06-19 03:15:00,0.0
2025-06-19 03:30:00,0.000475
2025-06-19 03:45:00,0.006371
2025-06-19 04:00:00,0.015405
2025-06-19 04:15:00,0.023013
2025-06-19 04:30:00,0.038132
2025-06-19 04:45:00,0.072984
2025-06-19 05:00:00,0.093952
2025-06-19 05:15:00,0.112685
2025-06-19 05:30:00,0.154431
2025-06-19 05:45:00,0.194085
2025-06-19 06:00:00,0.237638
2025-06-19 06:15:00,0.280002
2025-06-19 06:30:00,0.322176
2025-06-19 06:45:00,0.362971
2025-06-19 07:00:00,0.399962
2025-06-19 07:15:00,0.324886
2025-06-19 07:30:00,0.282807
2025-06-19 07:45:00,0.282807
2025-06-19 08:00:00,0.281904
2025-06-19 08:15:00,0.282094
2025-06-19 08:30:00,0.280763
2025-06-19 08:45:00,0.28081
2025-06-19 09:00:00,0.280145
2025-06-19 09:15:00,0.279717
2025-06-19 09:30:00,0.279669
2025-06-19 09:45:00,0.279194
2025-06-19 10:00:00,0.279099
2025-06-19 10:15:00,0.216622
2025-06-19 10:30:00,0.281143
2025-06-19 10:45:00,0.283235
2025-06-19 11:00:00,0.281666
2025-06-19 11:15:00,0.283711
2025-06-19 11:30:00,0.278005
2025-06-19 11:45:00,0.28818
2025-06-19 12:00:00,0.287134
2025-06-19 12:15:00,0.288037
2025-06-19 12:30:00,0.289036
2025-06-19 12:45:00,0.289559
2025-06-19 13:00:00,0.284234
2025-06-19 13:15:00,0.426255
2025-06-19 13:30:00,0.533283
2025-06-19 13:45:00,0.613922
2025-06-19 14:00:00,0.393733
2025-06-19 14:15:00,0.560717
2025-06-19 14:30:00,0.556771
2025-06-19 14:45:00,0.532807
2025-06-19 15:00:00,0.465529
2025-06-19 15:15:00,0.426208
2025-06-19 15:30:00,0.331923
2025-06-19 15:45:00,0.132655
2025-06-19 16:00:00,0.321463
2025-06-19 16:15:00,0.309148
2025-06-19 16:30:00,0.257322
2025-06-19 16:45:00,0.211059
2025-06-19 17:00:00,0.164892
2025-06-19 17:15:00,0.125333
2025-06-19 17:30:00,0.090957
2025-06-19 17:45:00,0.061525
2025-06-19 18:00:00,0.039939
2025-06-19 18:15:00,0.02577
2025-06-19 18:30:00,0.017402
2025-06-19 18:45:00,0.010032
2025-06-19 19:00:00,0.001902
2025-06-19 19:15:00,0.000143
2025-06-19 19:30:00,0.0
2025-06-19 19:45:00,0.0
2025-06-19 20:00:00,0.0
2025-06-19 20:15:00,0.0
2025-06-19 20:30:00,0.0
2025-06-19 20:45:00,0.0
2025-06-19 21:00:00,0.0
2025-06-19 21:15:00,0.0
2025-06-19 21:30:00,0.0
2025-06-19 21:45:00,0.0
2025-06-19 22:00:00,0.0
2025-06-19 22:15:00,0.0
2025-06-19 22:30:00,0.0
2025-06-19 22:45:00,0.0
2025-06-19 23:00:00,0.0
2025-06-19 23:15:00,0.0
2025-06-19 23:30:00,0.0
2025-06-19 23:45:00,0.0
2025-06-20 00:00:00,0.0
2025-06-20 00:15:00,0.0
2025-06-20 00:30:00,0.0
2025-06-20 00:45:00,0.0
2025-06-20 01:00:00,0.0
2025-06-20 01:15:00,0.0
2025-06-20 01:30:00,0.0
2025-06-20 01:45:00,0.0
2025-06-20 02:00:00,0.0
2025-06-20 02:15:00,0.0
2025-06-20 02:30:00,0.0
2025-06-20 02:45:00,0.0
2025-06-20 03:00:00,0.0
2025-06-20 03:15:00,0.0
2025-06-20 03:30:00,0.000333
2025-06-20 03:45:00,0.005515
2025-06-20 04:00:00,0.016261
2025-06-20 04:15:00,0.03333
2025-06-20 04:30:00,0.046833
2025-06-20 04:45:00,0.068087
2025-06-20 05:00:00,0.087819
2025-06-20 05:15:00,0.093857
2025-06-20 05:30:00,0.183815
2025-06-20 05:45:00,0.19884
2025-06-20 06:00:00,0.241299
2025-06-20 06:15:00,0.286421
2025-06-20 06:30:00,0.329926
2025-06-20 06:45:00,0.370816
2025-06-20 07:00:00,0.410327
2025-06-20 07:15:00,0.449315
2025-06-20 07:30:00,0.486116
2025-06-20 07:45:00,0.519066
2025-06-20 08:00:00,0.544456
2025-06-20 08:15:00,0.558149
2025-06-20 08:30:00,0.564616
2025-06-20 08:45:00,0.567088
2025-06-20 09:00:00,0.56918
2025-06-20 09:15:00,0.570749
2025-06-20 09:30:00,0.57113
2025-06-20 09:45:00,0.57113
2025-06-20 10:00:00,0.570797
2025-06-20 10:15:00,0.572128
2025-06-20 10:30:00,0.572413
2025-06-20 10:45:00,0.57151
2025-06-20 11:00:00,0.572413
2025-06-20 11:15:00,0.571177
2025-06-20 11:30:00,0.571367
2025-06-20 11:45:00,0.570321
2025-06-20 12:00:00,0.570939
2025-06-20 12:15:00,0.570274
2025-06-20 12:30:00,0.56937
2025-06-20 12:45:00,0.570036
2025-06-20 13:00:00,0.569798
2025-06-20 13:15:00,0.569703
2025-06-20 13:30:00,0.568134
2025-06-20 13:45:00,0.566185
2025-06-20 14:00:00,0.56357
2025-06-20 14:15:00,0.559814
2025-06-20 14:30:00,0.54826
2025-06-20 14:45:00,0.526293
2025-06-20 15:00:00,0.48992
2025-06-20 15:15:00,0.462343
2025-06-20 15:30:00,0.42616
2025-06-20 15:45:00,0.387552
2025-06-20 16:00:00,0.348184
2025-06-20 16:15:00,0.306628
2025-06-20 16:30:00,0.262647
2025-06-20 16:45:00,0.219237
2025-06-20 17:00:00,0.175542
2025-06-20 17:15:00,0.136269
2025-06-20 17:30:00,0.097566
2025-06-20 17:45:00,0.06609
2025-06-20 18:00:00,0.0407
2025-06-20 18:15:00,0.024344
2025-06-20 18:30:00,0.016118
2025-06-20 18:45:00,0.00989
2025-06-20 19:00:00,0.001949
2025-06-20 19:15:00,9.5e-05
2025-06-20 19:30:00,0.0
2025-06-20 19:45:00,0.0
2025-06-20 20:00:00,0.0
2025-06-20 20:15:00,0.0
2025-06-20 20:30:00,0.0
2025-06-20 20:45:00,0.0
2025-06-20 21:00:00,0.0
2025-06-20 21:15:00,0.0
2025-06-20 21:30:00,0.0
2025-06-20 21:45:00,0.0
2025-06-20 22:00:00,0.0
2025-06-20 22:15:00,0.0
2025-06-20 22:30:00,0.0
2025-06-20 22:45:00,0.0
2025-06-20 23:00:00,0.0
2025-06-20 23:15:00,0.0
2025-06-20 23:30:00,0.0
2025-06-20 23:45:00,0.0
2025-06-21 00:00:00,0.0
2025-06-21 00:15:00,0.0
2025-06-21 00:30:00,0.0
2025-06-21 00:45:00,0.0
2025-06-21 01:00:00,0.0
2025-06-21 01:15:00,0.0
2025-06-21 01:30:00,0.0
2025-06-21 01:45:00,0.0
2025-06-21 02:00:00,0.0
2025-06-21 02:15:00,0.0
2025-06-21 02:30:00,0.0
2025-06-21 02:45:00,0.0
2025-06-21 03:00:00,0.0
2025-06-21 03:15:00,0.0
2025-06-21 03:30:00,0.000571
2025-06-21 03:45:00,0.005468
2025-06-21 04:00:00,0.013456
2025-06-21 04:15:00,0.020017
2025-06-21 04:30:00,0.033283
2025-06-21 04:45:00,0.05368
2025-06-21 05:00:00,0.082398
2025-06-21 05:15:00,0.118153
2025-06-21 05:30:00,0.159138
2025-06-21 05:45:00,0.203024
2025-06-21 06:00:00,0.245816
2025-06-21 06:15:00,0.291889
2025-06-21 06:30:00,0.335869
2025-06-21 06:45:00,0.379802
2025-06-21 07:00:00,0.420169
2025-06-21 07:15:00,0.35755
2025-06-21 07:30:00,0.284376
2025-06-21 07:45:00,0.283663
2025-06-21 08:00:00,0.282094
2025-06-21 08:15:00,0.281238
2025-06-21 08:30:00,0.281048
2025-06-21 08:45:00,0.280192
2025-06-21 09:00:00,0.279479
2025-06-21 09:15:00,0.279479
2025-06-21 09:30:00,0.278813
2025-06-21 09:45:00,0.278623
2025-06-21 10:00:00,0.278718
2025-06-21 10:15:00,0.278908
2025-06-21 10:30:00,0.278718
2025-06-21 10:45:00,0.278671
2025-06-21 11:00:00,0.27829
2025-06-21 11:15:00,0.278243
2025-06-21 11:30:00,0.278195
2025-06-21 11:45:00,0.278243
2025-06-21 12:00:00,0.278195
2025-06-21 12:15:00,0.278195
2025-06-21 12:30:00,0.278243
2025-06-21 12:45:00,0.27848
2025-06-21 13:00:00,0.278813
2025-06-21 13:15:00,0.278671
2025-06-21 13:30:00,0.278623
2025-06-21 13:45:00,0.278813
2025-06-21 14:00:00,0.278861
2025-06-21 14:15:00,0.499192
2025-06-21 14:30:00,0.558958
2025-06-21 14:45:00,0.53062
2025-06-21 15:00:00,0.496957
2025-06-21 15:15:00,0.460203
2025-06-21 15:30:00,0.425542
2025-06-21 15:45:00,0.387505
2025-06-21 16:00:00,0.348326
2025-06-21 16:15:00,0.3062
2025-06-21 16:30:00,0.263789
2025-06-21 16:45:00,0.219618
2025-06-21 17:00:00,0.176017
2025-06-21 17:15:00,0.133416
2025-06-21 17:30:00,0.094951
2025-06-21 17:45:00,0.062999
2025-06-21 18:00:00,0.038703
2025-06-21 18:15:00,0.022727
2025-06-21 18:30:00,0.01531
2025-06-21 18:45:00,0.009081
2025-06-21 19:00:00,0.001569
2025-06-21 19:15:00,4.8e-05
2025-06-21 19:30:00,0.0
2025-06-21 19:45:00,0.0
2025-06-21 20:00:00,0.0
2025-06-21 20:15:00,0.0
2025-06-21 20:30:00,0.0
2025-06-21 20:45:00,0.0
2025-06-21 21:00:00,0.0
2025-06-21 21:15:00,0.0
2025-06-21 21:30:00,0.0
2025-06-21 21:45:00,0.0
2025-06-21 22:00:00,0.0
2025-06-21 22:15:00,0.0
2025-06-21 22:30:00,0.0
2025-06-21 22:45:00,0.0
2025-06-21 23:00:00,0.0
2025-06-21 23:15:00,0.0
2025-06-21 23:30:00,0.0
2025-06-21 23:45:00,0.0
2025-06-22 00:00:00,0.0
2025-06-22 00:15:00,0.0
2025-06-22 00:30:00,0.0
2025-06-22 00:45:00,0.0
2025-06-22 01:00:00,0.0
2025-06-22 01:15:00,0.0
2025-06-22 01:30:00,0.0
2025-06-22 01:45:00,0.0
2025-06-22 02:00:00,0.0
2025-06-22 02:15:00,0.0
2025-06-22 02:30:00,0.0
2025-06-22 02:45:00,0.0
2025-06-22 03:00:00,0.0
2025-06-22 03:15:00,4.8e-05
2025-06-22 03:30:00,0.000856
2025-06-22 03:45:00,0.007512
2025-06-22 04:00:00,0.014216
2025-06-22 04:15:00,0.01997
2025-06-22 04:30:00,0.032902
2025-06-22 04:45:00,0.053585
2025-06-22 05:00:00,0.082113
2025-06-22 05:15:00,0.118058
2025-06-22 05:30:00,0.159138
2025-06-22 05:45:00,0.202406
2025-06-22 06:00:00,0.247432
2025-06-22 06:15:00,0.292554
2025-06-22 06:30:00,0.335727
2025-06-22 06:45:00,0.377282
2025-06-22 07:00:00,0.417269
2025-06-22 07:15:00,0.11492
2025-06-22 07:30:00,0.0
2025-06-22 07:45:00,0.0
2025-06-22 08:00:00,0.0
2025-06-22 08:15:00,0.0
2025-06-22 08:30:00,0.0
2025-06-22 08:45:00,0.0
2025-06-22 09:00:00,0.0
2025-06-22 09:15:00,0.0
2025-06-22 09:30:00,0.0
2025-06-22 09:45:00,0.0
2025-06-22 10:00:00,0.0
2025-06-22 10:15:00,0.0
2025-06-22 10:30:00,0.0
2025-06-22 10:45:00,0.0
2025-06-22 11:00:00,0.0
2025-06-22 11:15:00,0.0
2025-06-22 11:30:00,0.0
2025-06-22 11:45:00,0.0
2025-06-22 12:00:00,0.0
2025-06-22 12:15:00,0.0
2025-06-22 12:30:00,0.0
2025-06-22 12:45:00,0.0
2025-06-22 13:00:00,0.0
2025-06-22 13:15:00,0.0
2025-06-22 13:30:00,0.0
2025-06-22 13:45:00,0.0
2025-06-22 14:00:00,0.0
2025-06-22 14:15:00,0.0
2025-06-22 14:30:00,0.0
2025-06-22 14:45:00,0.0
2025-06-22 15:00:00,0.0
2025-06-22 15:15:00,0.0
2025-06-22 15:30:00,0.0
2025-06-22 15:45:00,0.0
2025-06-22 16:00:00,0.0
2025-06-22 16:15:00,0.0
2025-06-22 16:30:00,0.0
2025-06-22 16:45:00,0.0
2025-06-22 17:00:00,0.0
2025-06-22 17:15:00,0.078119
2025-06-22 17:30:00,0.095854
2025-06-22 17:45:00,0.065139
2025-06-22 18:00:00,0.040652
2025-06-22 18:15:00,0.023393
2025-06-22 18:30:00,0.014169
2025-06-22 18:45:00,0.008273
2025-06-22 19:00:00,0.001379
2025-06-22 19:15:00,4.8e-05
2025-06-22 19:30:00,0.0
2025-06-22 19:45:00,0.0
2025-06-22 20:00:00,0.0
2025-06-22 20:15:00,0.0
2025-06-22 20:30:00,0.0
2025-06-22 20:45:00,0.0
2025-06-22 21:00:00,0.0
2025-06-22 21:15:00,0.0
2025-06-22 21:30:00,0.0
2025-06-22 21:45:00,0.0
2025-06-22 22:00:00,0.0
2025-06-22 22:15:00,0.0
2025-06-22 22:30:00,0.0
2025-06-22 22:45:00,0.0
2025-06-22 23:00:00,0.0
2025-06-22 23:15:00,0.0
2025-06-22 23:30:00,0.0
2025-06-22 23:45:00,0.0
2025-06-23 00:00:00,0.0
2025-06-23 00:15:00,0.0
2025-06-23 00:30:00,0.0
2025-06-23 00:45:00,0.0
2025-06-23 01:00:00,0.0
2025-06-23 01:15:00,0.0
2025-06-23 01:30:00,0.0
2025-06-23 01:45:00,0.0
2025-06-23 02:00:00,0.0
2025-06-23 02:15:00,0.0
2025-06-23 02:30:00,0.0
2025-06-23 02:45:00,0.0
2025-06-23 03:00:00,0.0
2025-06-23 03:15:00,0.0
2025-06-23 03:30:00,0.000951
2025-06-23 03:45:00,0.011792
2025-06-23 04:00:00,0.027102
2025-06-23 04:15:00,0.046501
2025-06-23 04:30:00,0.054346
2025-06-23 04:45:00,0.023631
2025-06-23 05:00:00,0.013028
2025-06-23 05:15:00,0.017355
2025-06-23 05:30:00,0.013075
2025-06-23 05:45:00,0.000143
2025-06-23 06:00:00,0.0
2025-06-23 06:15:00,0.0
2025-06-23 06:30:00,4.8e-05
2025-06-23 06:45:00,0.000666
2025-06-23 07:00:00,0.015405
2025-06-23 07:15:00,0.069703
2025-06-23 07:30:00,0.152244
2025-06-23 07:45:00,0.165177
2025-06-23 08:00:00,0.228604
2025-06-23 08:15:00,0.251189
2025-06-23 08:30:00,0.256181
2025-06-23 08:45:00,0.304441
2025-06-23 09:00:00,0.439473
2025-06-23 09:15:00,0.625571
2025-06-23 09:30:00,0.629755
2025-06-23 09:45:00,0.633986
2025-06-23 10:00:00,0.691942
2025-06-23 10:15:00,0.435479
2025-06-23 10:30:00,0.39245
2025-06-23 10:45:00,0.681108
2025-06-23 11:00:00,0.697509
2025-06-23 11:15:00,0.647775
2025-06-23 11:30:00,0.202406
2025-06-23 11:45:00,0.086059
2025-06-23 12:00:00,0.192088
2025-06-23 12:15:00,0.733644
2025-06-23 12:30:00,0.408283
2025-06-23 12:45:00,0.575504
2025-06-23 13:00:00,0.42345
2025-06-23 13:15:00,0.224467
2025-06-23 13:30:00,0.093857
2025-06-23 13:45:00,0.058768
2025-06-23 14:00:00,0.11996
2025-06-23 14:15:00,0.031618
2025-06-23 14:30:00,0.207921
2025-06-23 14:45:00,0.593572
2025-06-23 15:00:00,0.500285
2025-06-23 15:15:00,0.44109
2025-06-23 15:30:00,0.274819
2025-06-23 15:45:00,0.118201
2025-06-23 16:00:00,0.074791
2025-06-23 16:15:00,0.204878
2025-06-23 16:30:00,0.28837
2025-06-23 16:45:00,0.202263
2025-06-23 17:00:00,0.146681
2025-06-23 17:15:00,0.080021
2025-06-23 17:30:00,0.110974
2025-06-23 17:45:00,0.059576
2025-06-23 18:00:00,0.034091
2025-06-23 18:15:00,0.027862
2025-06-23 18:30:00,0.015785
2025-06-23 18:45:00,0.01046
2025-06-23 19:00:00,0.005848
2025-06-23 19:15:00,4.8e-05
2025-06-23 19:30:00,0.0
2025-06-23 19:45:00,0.0
2025-06-23 20:00:00,0.0
2025-06-23 20:15:00,0.0
2025-06-23 20:30:00,0.0
2025-06-23 20:45:00,0.0
2025-06-23 21:00:00,0.0
2025-06-23 21:15:00,0.0
2025-06-23 21:30:00,0.0
2025-06-23 21:45:00,0.0
2025-06-23 22:00:00,0.0
2025-06-23 22:15:00,0.0
2025-06-23 22:30:00,0.0
2025-06-23 22:45:00,0.0
2025-06-23 23:00:00,0.0
2025-06-23 23:15:00,0.0
2025-06-23 23:30:00,0.0
2025-06-23 23:45:00,0.0
2025-06-24 00:00:00,0.0
2025-06-24 00:15:00,0.0
2025-06-24 00:30:00,0.0
2025-06-24 00:45:00,0.0
2025-06-24 01:00:00,0.0
2025-06-24 01:15:00,0.0
2025-06-24 01:30:00,0.0
2025-06-24 01:45:00,0.0
2025-06-24 02:00:00,0.0
2025-06-24 02:15:00,0.0
2025-06-24 02:30:00,0.0
2025-06-24 02:45:00,0.0
2025-06-24 03:00:00,0.0
2025-06-24 03:15:00,0.0
2025-06-24 03:30:00,0.000285
2025-06-24 03:45:00,0.003328
2025-06-24 04:00:00,0.0155
2025-06-24 04:15:00,0.034424
2025-06-24 04:30:00,0.047261
2025-06-24 04:45:00,0.060289
2025-06-24 05:00:00,0.087105
2025-06-24 05:15:00,0.094713
2025-06-24 05:30:00,0.181818
2025-06-24 05:45:00,0.212961
2025-06-24 06:00:00,0.206162
2025-06-24 06:15:00,0.284519
2025-06-24 06:30:00,0.350418
2025-06-24 06:45:00,0.378423
2025-06-24 07:00:00,0.41627
2025-06-24 07:15:00,0.45193
2025-06-24 07:30:00,0.491965
2025-06-24 07:45:00,0.451407
2025-06-24 08:00:00,0.469332
2025-06-24 08:15:00,0.588437
2025-06-24 08:30:00,0.517687
2025-06-24 08:45:00,0.550067
2025-06-24 09:00:00,0.483501
2025-06-24 09:15:00,0.6792
2025-06-24 09:30:00,0.614873
2025-06-24 09:45:00,0.668264
2025-06-24 10:00:00,0.645207
2025-06-24 10:15:00,0.626284
2025-06-24 10:30:00,0.624905
2025-06-24 10:45:00,0.55311
2025-06-24 11:00:00,0.569085
2025-06-24 11:15:00,0.640833
2025-06-24 11:30:00,0.761031
2025-06-24 11:45:00,0.705972
2025-06-24 12:00:00,0.694561
2025-06-24 12:15:00,0.664936
2025-06-24 12:30:00,0.701173
2025-06-24 12:45:00,0.572128
2025-06-24 13:00:00,0.667649
2025-06-24 13:15:00,0.549021
2025-06-24 13:30:00,0.659427
2025-06-24 13:45:00,0.637029
2025-06-24 14:00:00,0.611211
2025-06-24 14:15:00,0.589292
2025-06-24 14:30:00,0.556676
2025-06-24 14:45:00,0.528813
2025-06-24 15:00:00,0.496196
2025-06-24 15:15:00,0.465291
2025-06-24 15:30:00,0.42559
2025-06-24 15:45:00,0.383368
2025-06-24 16:00:00,0.34438
2025-06-24 16:15:00,0.305962
2025-06-24 16:30:00,0.267735
2025-06-24 16:45:00,0.216717
2025-06-24 17:00:00,0.172547
2025-06-24 17:15:00,0.131086
2025-06-24 17:30:00,0.092858
2025-06-24 17:45:00,0.060765
2025-06-24 18:00:00,0.036421
2025-06-24 18:15:00,0.020302
2025-06-24 18:30:00,0.013123
2025-06-24 18:45:00,0.007275
2025-06-24 19:00:00,0.001331
2025-06-24 19:15:00,9.5e-05
2025-06-24 19:30:00,0.0
2025-06-24 19:45:00,0.0
2025-06-24 20:00:00,0.0
2025-06-24 20:15:00,0.0
2025-06-24 20:30:00,0.0
2025-06-24 20:45:00,0.0
2025-06-24 21:00:00,0.0
2025-06-24 21:15:00,0.0
2025-06-24 21:30:00,0.0
2025-06-24 21:45:00,0.0
2025-06-24 22:00:00,0.0
2025-06-24 22:15:00,0.0
2025-06-24 22:30:00,0.0
2025-06-24 22:45:00,0.0
2025-06-24 23:00:00,0.0
2025-06-24 23:15:00,0.0
2025-06-24 23:30:00,0.0
2025-06-24 23:45:00,0.0
2025-06-25 00:00:00,0.0
2025-06-25 00:15:00,0.0
2025-06-25 00:30:00,0.0
2025-06-25 00:45:00,0.0
2025-06-25 01:00:00,0.0
2025-06-25 01:15:00,0.0
2025-06-25 01:30:00,0.0
2025-06-25 01:45:00,0.0
2025-06-25 02:00:00,0.0
2025-06-25 02:15:00,0.0
2025-06-25 02:30:00,0.0
2025-06-25 02:45:00,0.0
2025-06-25 03:00:00,0.0
2025-06-25 03:15:00,0.0
2025-06-25 03:30:00,0.000333
2025-06-25 03:45:00,0.002853
2025-06-25 04:00:00,0.010365
2025-06-25 04:15:00,0.015405
2025-06-25 04:30:00,0.026293
2025-06-25 04:45:00,0.046691
2025-06-25 05:00:00,0.074886
2025-06-25 05:15:00,0.109262
2025-06-25 05:30:00,0.149534
2025-06-25 05:45:00,0.192469
2025-06-25 06:00:00,0.235023
2025-06-25 06:15:00,0.276531
2025-06-25 06:30:00,0.3188
2025-06-25 06:45:00,0.359833
2025-06-25 07:00:00,0.4002
2025-06-25 07:15:00,0.439045
2025-06-25 07:30:00,0.475418
2025-06-25 07:45:00,0.508986
2025-06-25 08:00:00,0.539559
2025-06-25 08:15:00,0.56647
2025-06-25 08:30:00,0.592098
2025-06-25 08:45:00,0.616727
2025-06-25 09:00:00,0.639736
2025-06-25 09:15:00,0.658901
2025-06-25 09:30:00,0.670407
2025-06-25 09:45:00,0.679777
2025-06-25 10:00:00,0.682864
2025-06-25 10:15:00,0.688329
2025-06-25 10:30:00,0.689996
2025-06-25 10:45:00,0.688094
2025-06-25 11:00:00,0.685952
2025-06-25 11:15:00,0.69432
2025-06-25 11:30:00,0.692564
2025-06-25 11:45:00,0.685812
2025-06-25 12:00:00,0.681343
2025-06-25 12:15:00,0.677583
2025-06-25 12:30:00,0.667985
2025-06-25 12:45:00,0.657474
2025-06-25 13:00:00,0.647775
2025-06-25 13:15:00,0.637644
2025-06-25 13:30:00,0.620816
2025-06-25 13:45:00,0.606076
2025-06-25 14:00:00,0.58121
2025-06-25 14:15:00,0.555439
2025-06-25 14:30:00,0.530382
2025-06-25 14:45:00,0.502948
2025-06-25 15:00:00,0.469855
2025-06-25 15:15:00,0.435242
2025-06-25 15:30:00,0.404479
2025-06-25 15:45:00,0.366727
2025-06-25 16:00:00,0.328214
2025-06-25 16:15:00,0.285042
2025-06-25 16:30:00,0.244389
2025-06-25 16:45:00,0.204213
2025-06-25 17:00:00,0.163513
2025-06-25 17:15:00,0.127092
2025-06-25 17:30:00,0.092478
2025-06-25 17:45:00,0.056533
2025-06-25 18:00:00,0.030477
2025-06-25 18:15:00,0.052491
2025-06-25 18:30:00,0.029289
2025-06-25 18:45:00,0.011411
2025-06-25 19:00:00,0.001902
2025-06-25 19:15:00,9.5e-05
2025-06-25 19:30:00,0.0
2025-06-25 19:45:00,0.0
2025-06-25 20:00:00,0.0
2025-06-25 20:15:00,0.0
2025-06-25 20:30:00,0.0
2025-06-25 20:45:00,0.0
2025-06-25 21:00:00,0.0
2025-06-25 21:15:00,0.0
2025-06-25 21:30:00,0.0
2025-06-25 21:45:00,0.0
2025-06-25 22:00:00,0.0
2025-06-25 22:15:00,0.0
2025-06-25 22:30:00,0.0
2025-06-25 22:45:00,0.0
2025-06-25 23:00:00,0.0
2025-06-25 23:15:00,0.0
2025-06-25 23:30:00,0.0
2025-06-25 23:45:00,0.0
2025-06-26 00:00:00,0.0
2025-06-26 00:15:00,0.0
2025-06-26 00:30:00,0.0
2025-06-26 00:45:00,0.0
2025-06-26 01:00:00,0.0
2025-06-26 01:15:00,0.0
2025-06-26 01:30:00,0.0
2025-06-26 01:45:00,0.0
2025-06-26 02:00:00,0.0
2025-06-26 02:15:00,0.0
2025-06-26 02:30:00,0.0
2025-06-26 02:45:00,0.0
2025-06-26 03:00:00,0.0
2025-06-26 03:15:00,0.0
2025-06-26 03:30:00,0.000238
2025-06-26 03:45:00,0.003566
2025-06-26 04:00:00,0.017069
2025-06-26 04:15:00,0.028528
2025-06-26 04:30:00,0.040938
2025-06-26 04:45:00,0.056676
2025-06-26 05:00:00,0.079022
2025-06-26 05:15:00,0.091099
2025-06-26 05:30:00,0.140262
2025-06-26 05:45:00,0.188237
2025-06-26 06:00:00,0.21453
2025-06-26 06:15:00,0.266784
2025-06-26 06:30:00,0.294218
2025-06-26 06:45:00,0.345997
2025-06-26 07:00:00,0.3876
2025-06-26 07:15:00,0.444703
2025-06-26 07:30:00,0.41822
2025-06-26 07:45:00,0.473944
2025-06-26 08:00:00,0.442659
2025-06-26 08:15:00,0.414939
2025-06-26 08:30:00,0.504802
2025-06-26 08:45:00,0.626046
2025-06-26 09:00:00,0.630848
2025-06-26 09:15:00,0.66337
2025-06-26 09:30:00,0.624572
2025-06-26 09:45:00,0.610023
2025-06-26 10:00:00,0.679441
2025-06-26 10:15:00,0.666464
2025-06-26 10:30:00,0.658755
2025-06-26 10:45:00,0.57926
2025-06-26 11:00:00,0.516071
2025-06-26 11:15:00,0.566327
2025-06-26 11:30:00,0.67454
2025-06-26 11:45:00,0.634081
2025-06-26 12:00:00,0.660942
2025-06-26 12:15:00,0.655953
2025-06-26 12:30:00,0.646678
2025-06-26 12:45:00,0.35698
2025-06-26 13:00:00,0.393115
2025-06-26 13:15:00,0.250571
2025-06-26 13:30:00,0.081067
2025-06-26 13:45:00,0.106695
2025-06-26 14:00:00,0.123241
2025-06-26 14:15:00,0.092668
2025-06-26 14:30:00,0.079783
2025-06-26 14:45:00,0.077548
2025-06-26 15:00:00,0.043267
2025-06-26 15:15:00,0.050827
2025-06-26 15:30:00,0.080782
2025-06-26 15:45:00,0.133035
2025-06-26 16:00:00,0.140833
2025-06-26 16:15:00,0.117725
2025-06-26 16:30:00,0.100466
2025-06-26 16:45:00,0.039654
2025-06-26 17:00:00,0.008939
2025-06-26 17:15:00,0.000238
2025-06-26 17:30:00,4.8e-05
2025-06-26 17:45:00,0.0
2025-06-26 18:00:00,0.0
2025-06-26 18:15:00,0.0
2025-06-26 18:30:00,0.0
2025-06-26 18:45:00,0.0
2025-06-26 19:00:00,0.0
2025-06-26 19:15:00,0.0
2025-06-26 19:30:00,0.0
2025-06-26 19:45:00,0.0
2025-06-26 20:00:00,0.0
2025-06-26 20:15:00,0.0
2025-06-26 20:30:00,0.0
2025-06-26 20:45:00,0.0
2025-06-26 21:00:00,0.0
2025-06-26 21:15:00,0.0
2025-06-26 21:30:00,0.0
2025-06-26 21:45:00,0.0
2025-06-26 22:00:00,0.0
2025-06-26 22:15:00,0.0
2025-06-26 22:30:00,0.0
2025-06-26 22:45:00,0.0
2025-06-26 23:00:00,0.0
2025-06-26 23:15:00,0.0
2025-06-26 23:30:00,0.0
2025-06-26 23:45:00,0.0
2025-06-27 00:00:00,0.0
2025-06-27 00:15:00,0.0
2025-06-27 00:30:00,0.0
2025-06-27 00:45:00,0.0
2025-06-27 01:00:00,0.0
2025-06-27 01:15:00,0.0
2025-06-27 01:30:00,0.0
2025-06-27 01:45:00,0.0
2025-06-27 02:00:00,0.0
2025-06-27 02:15:00,0.0
2025-06-27 02:30:00,0.0
2025-06-27 02:45:00,0.0
2025-06-27 03:00:00,0.0
2025-06-27 03:15:00,0.0
2025-06-27 03:30:00,0.000238
2025-06-27 03:45:00,0.004137
2025-06-27 04:00:00,0.023726
2025-06-27 04:15:00,0.021253
2025-06-27 04:30:00,0.031143
2025-06-27 04:45:00,0.055011
2025-06-27 05:00:00,0.080687
2025-06-27 05:15:00,0.100751
2025-06-27 05:30:00,0.042744
2025-06-27 05:45:00,0.053442
2025-06-27 06:00:00,0.125475
2025-06-27 06:15:00,0.200599
2025-06-27 06:30:00,0.345949
2025-06-27 06:45:00,0.350656
2025-06-27 07:00:00,0.424021
2025-06-27 07:15:00,0.337581
2025-06-27 07:30:00,0.498051
2025-06-27 07:45:00,0.365586
2025-06-27 08:00:00,0.417269
2025-06-27 08:15:00,0.305772
2025-06-27 08:30:00,0.499525
2025-06-27 08:45:00,0.539416
2025-06-27 09:00:00,0.557103
2025-06-27 09:15:00,0.45445
2025-06-27 09:30:00,0.271016
2025-06-27 09:45:00,0.249144
2025-06-27 10:00:00,0.659896
2025-06-27 10:15:00,0.536278
2025-06-27 10:30:00,0.72442
2025-06-27 10:45:00,0.691993
2025-06-27 11:00:00,0.655332
2025-06-27 11:15:00,0.356647
2025-06-27 11:30:00,0.212628
2025-06-27 11:45:00,0.093429
2025-06-27 12:00:00,0.12248
2025-06-27 12:15:00,0.358406
2025-06-27 12:30:00,0.21182
2025-06-27 12:45:00,0.283663
2025-06-27 13:00:00,0.24534
2025-06-27 13:15:00,0.240063
2025-06-27 13:30:00,0.529622
2025-06-27 13:45:00,0.379232
2025-06-27 14:00:00,0.250143
2025-06-27 14:15:00,0.218334
2025-06-27 14:30:00,0.054488
2025-06-27 14:45:00,0.302682
2025-06-27 15:00:00,0.48003
2025-06-27 15:15:00,0.403908
2025-06-27 15:30:00,0.382893
2025-06-27 15:45:00,0.342763
2025-06-27 16:00:00,0.12538
2025-06-27 16:15:00,0.060955
2025-06-27 16:30:00,0.053157
2025-06-27 16:45:00,0.161326
2025-06-27 17:00:00,0.14497
2025-06-27 17:15:00,0.129422
2025-06-27 17:30:00,0.056913
2025-06-27 17:45:00,0.056343
2025-06-27 18:00:00,0.042839
2025-06-27 18:15:00,0.022537
2025-06-27 18:30:00,0.016071
2025-06-27 18:45:00,0.011221
2025-06-27 19:00:00,0.001664
2025-06-27 19:15:00,9.5e-05
2025-06-27 19:30:00,0.0
2025-06-27 19:45:00,0.0
2025-06-27 20:00:00,0.0
2025-06-27 20:15:00,0.0
2025-06-27 20:30:00,0.0
2025-06-27 20:45:00,0.0
2025-06-27 21:00:00,0.0
2025-06-27 21:15:00,0.0
2025-06-27 21:30:00,0.0
2025-06-27 21:45:00,0.0
2025-06-27 22:00:00,0.0
2025-06-27 22:15:00,0.0
2025-06-27 22:30:00,0.0
2025-06-27 22:45:00,0.0
2025-06-27 23:00:00,0.0
2025-06-27 23:15:00,0.0
2025-06-27 23:30:00,0.0
2025-06-27 23:45:00,0.0
2025-06-28 00:00:00,0.0
2025-06-28 00:15:00,0.0
2025-06-28 00:30:00,0.0
2025-06-28 00:45:00,0.0
2025-06-28 01:00:00,0.0
2025-06-28 01:15:00,0.0
2025-06-28 01:30:00,0.0
2025-06-28 01:45:00,0.0
2025-06-28 02:00:00,0.0
2025-06-28 02:15:00,0.0
2025-06-28 02:30:00,0.0
2025-06-28 02:45:00,0.0
2025-06-28 03:00:00,0.0
2025-06-28 03:15:00,0.0
2025-06-28 03:30:00,0.000143
2025-06-28 03:45:00,0.001379
2025-06-28 04:00:00,0.008463
2025-06-28 04:15:00,0.014454
2025-06-28 04:30:00,0.026911
2025-06-28 04:45:00,0.048355
2025-06-28 05:00:00,0.073602
2025-06-28 05:15:00,0.106124
2025-06-28 05:30:00,0.147537
2025-06-28 05:45:00,0.191423
2025-06-28 06:00:00,0.239302
2025-06-28 06:15:00,0.281904
2025-06-28 06:30:00,0.328785
2025-06-28 06:45:00,0.371672
2025-06-28 07:00:00,0.296928
2025-06-28 07:15:00,0.367155
2025-06-28 07:30:00,0.514502
2025-06-28 07:45:00,0.509319
2025-06-28 08:00:00,0.553395
2025-06-28 08:15:00,0.526103
2025-06-28 08:30:00,0.499477
2025-06-28 08:45:00,0.577548
2025-06-28 09:00:00,0.459871
2025-06-28 09:15:00,0.485784
2025-06-28 09:30:00,0.581162
2025-06-28 09:45:00,0.572413
2025-06-28 10:00:00,0.426255
2025-06-28 10:15:00,0.443229
2025-06-28 10:30:00,0.442801
2025-06-28 10:45:00,0.500571
2025-06-28 11:00:00,0.320179
2025-06-28 11:15:00,0.407997
2025-06-28 11:30:00,0.450171
2025-06-28 11:45:00,0.405525
2025-06-28 12:00:00,0.602558
2025-06-28 12:15:00,0.712102
2025-06-28 12:30:00,0.496101
2025-06-28 12:45:00,0.481172
2025-06-28 13:00:00,0.490776
2025-06-28 13:15:00,0.52539
2025-06-28 13:30:00,0.329783
2025-06-28 13:45:00,0.548973
2025-06-28 14:00:00,0.642354
2025-06-28 14:15:00,0.550447
2025-06-28 14:30:00,0.429869
2025-06-28 14:45:00,0.563903
2025-06-28 15:00:00,0.345759
2025-06-28 15:15:00,0.330591
2025-06-28 15:30:00,0.379184
2025-06-28 15:45:00,0.198697
2025-06-28 16:00:00,0.268924
2025-06-28 16:15:00,0.278052
2025-06-28 16:30:00,0.22461
2025-06-28 16:45:00,0.211487
2025-06-28 17:00:00,0.130325
2025-06-28 17:15:00,0.136221
2025-06-28 17:30:00,0.097375
2025-06-28 17:45:00,0.069798
2025-06-28 18:00:00,0.042697
2025-06-28 18:15:00,0.021729
2025-06-28 18:30:00,0.012742
2025-06-28 18:45:00,0.006419
2025-06-28 19:00:00,0.000856
2025-06-28 19:15:00,4.8e-05
2025-06-28 19:30:00,0.0
2025-06-28 19:45:00,0.0
2025-06-28 20:00:00,0.0
2025-06-28 20:15:00,0.0
2025-06-28 20:30:00,0.0
2025-06-28 20:45:00,0.0
2025-06-28 21:00:00,0.0
2025-06-28 21:15:00,0.0
2025-06-28 21:30:00,0.0
2025-06-28 21:45:00,0.0
2025-06-28 22:00:00,0.0
2025-06-28 22:15:00,0.0
2025-06-28 22:30:00,0.0
2025-06-28 22:45:00,0.0
2025-06-28 23:00:00,0.0
2025-06-28 23:15:00,0.0
2025-06-28 23:30:00,0.0
2025-06-28 23:45:00,0.0
2025-06-29 00:00:00,0.0
2025-06-29 00:15:00,0.0
2025-06-29 00:30:00,0.0
2025-06-29 00:45:00,0.0
2025-06-29 01:00:00,0.0
2025-06-29 01:15:00,0.0
2025-06-29 01:30:00,0.0
2025-06-29 01:45:00,0.0
2025-06-29 02:00:00,0.0
2025-06-29 02:15:00,0.0
2025-06-29 02:30:00,0.0
2025-06-29 02:45:00,0.0
2025-06-29 03:00:00,0.0
2025-06-29 03:15:00,0.0
2025-06-29 03:30:00,0.000238
2025-06-29 03:45:00,0.00252
2025-06-29 04:00:00,0.01027
2025-06-29 04:15:00,0.015405
2025-06-29 04:30:00,0.024486
2025-06-29 04:45:00,0.043505
2025-06-29 05:00:00,0.070512
2025-06-29 05:15:00,0.103747
2025-06-29 05:30:00,0.142545
2025-06-29 05:45:00,0.185194
2025-06-29 06:00:00,0.227463
2025-06-29 06:15:00,0.271111
2025-06-29 06:30:00,0.313094
2025-06-29 06:45:00,0.353176
2025-06-29 07:00:00,0.390453
2025-06-29 07:15:00,0.424116
2025-06-29 07:30:00,0.456352
2025-06-29 07:45:00,0.486497
2025-06-29 08:00:00,0.514549
2025-06-29 08:15:00,0.542126
2025-06-29 08:30:00,0.566185
2025-06-29 08:45:00,0.58934
2025-06-29 09:00:00,0.609262
2025-06-29 09:15:00,0.628138
2025-06-29 09:30:00,0.642069
2025-06-29 09:45:00,0.660803
2025-06-29 10:00:00,0.688284
2025-06-29 10:15:00,0.672455
2025-06-29 10:30:00,0.671168
2025-06-29 10:45:00,0.71001
2025-06-29 11:00:00,0.667795
2025-06-29 11:15:00,0.646304
2025-06-29 11:30:00,0.689191
2025-06-29 11:45:00,0.532237
2025-06-29 12:00:00,0.656809
2025-06-29 12:15:00,0.673019
2025-06-29 12:30:00,0.676778
2025-06-29 12:45:00,0.609215
2025-06-29 13:00:00,0.335441
2025-06-29 13:15:00,0.488494
2025-06-29 13:30:00,0.657145
2025-06-29 13:45:00,0.635172
2025-06-29 14:00:00,0.602606
2025-06-29 14:15:00,0.452216
2025-06-29 14:30:00,0.363399
2025-06-29 14:45:00,0.321082
2025-06-29 15:00:00,0.478747
2025-06-29 15:15:00,0.445084
2025-06-29 15:30:00,0.343429
2025-06-29 15:45:00,0.328737
2025-06-29 16:00:00,0.343714
2025-06-29 16:15:00,0.29631
2025-06-29 16:30:00,0.249192
2025-06-29 16:45:00,0.204736
2025-06-29 17:00:00,0.167412
2025-06-29 17:15:00,0.127805
2025-06-29 17:30:00,0.090671
2025-06-29 17:45:00,0.060384
2025-06-29 18:00:00,0.037704
2025-06-29 18:15:00,0.022537
2025-06-29 18:30:00,0.014597
2025-06-29 18:45:00,0.008083
2025-06-29 19:00:00,0.001236
2025-06-29 19:15:00,4.8e-05
2025-06-29 19:30:00,0.0
2025-06-29 19:45:00,0.0
2025-06-29 20:00:00,0.0
2025-06-29 20:15:00,0.0
2025-06-29 20:30:00,0.0
2025-06-29 20:45:00,0.0
2025-06-29 21:00:00,0.0
2025-06-29 21:15:00,0.0
2025-06-29 21:30:00,0.0
2025-06-29 21:45:00,0.0
2025-06-29 22:00:00,0.0
2025-06-29 22:15:00,0.0
2025-06-29 22:30:00,0.0
2025-06-29 22:45:00,0.0
2025-06-29 23:00:00,0.0
2025-06-29 23:15:00,0.0
2025-06-29 23:30:00,0.0
2025-06-29 23:45:00,0.0
2025-06-30 00:00:00,0.0
2025-06-30 00:15:00,0.0
2025-06-30 00:30:00,0.0
2025-06-30 00:45:00,0.0
2025-06-30 01:00:00,0.0
2025-06-30 01:15:00,0.0
2025-06-30 01:30:00,0.0
2025-06-30 01:45:00,0.0
2025-06-30 02:00:00,0.0
2025-06-30 02:15:00,0.0
2025-06-30 02:30:00,0.0
2025-06-30 02:45:00,0.0
2025-06-30 03:00:00,0.0
2025-06-30 03:15:00,0.0
2025-06-30 03:30:00,0.000238
2025-06-30 03:45:00,0.002282
2025-06-30 04:00:00,0.009652
2025-06-30 04:15:00,0.014644
2025-06-30 04:30:00,0.024106
2025-06-30 04:45:00,0.041984
2025-06-30 05:00:00,0.067278
2025-06-30 05:15:00,0.099658
2025-06-30 05:30:00,0.13817
2025-06-30 05:45:00,0.177111
2025-06-30 06:00:00,0.216812
2025-06-30 06:15:00,0.25737
2025-06-30 06:30:00,0.297309
2025-06-30 06:45:00,0.336582
2025-06-30 07:00:00,0.378946
2025-06-30 07:15:00,0.381181
2025-06-30 07:30:00,0.433007
2025-06-30 07:45:00,0.431295
2025-06-30 08:00:00,0.504755
2025-06-30 08:15:00,0.528718
2025-06-30 08:30:00,0.52596
2025-06-30 08:45:00,0.519684
2025-06-30 09:00:00,0.554393
2025-06-30 09:15:00,0.603414
2025-06-30 09:30:00,0.620911
2025-06-30 09:45:00,0.421928
2025-06-30 10:00:00,0.0
2025-06-30 10:15:00,0.0
2025-06-30 10:30:00,0.0
2025-06-30 10:45:00,0.0
2025-06-30 11:00:00,0.0
2025-06-30 11:15:00,0.0
2025-06-30 11:30:00,0.0
2025-06-30 11:45:00,0.0
2025-06-30 12:00:00,0.0
2025-06-30 12:15:00,0.0
2025-06-30 12:30:00,0.0
2025-06-30 12:45:00,0.0
2025-06-30 13:00:00,0.0
2025-06-30 13:15:00,0.0
2025-06-30 13:30:00,0.0
2025-06-30 13:45:00,0.0
2025-06-30 14:00:00,0.0
2025-06-30 14:15:00,0.352653
2025-06-30 14:30:00,0.493629
2025-06-30 14:45:00,0.460917
2025-06-30 15:00:00,0.451312
2025-06-30 15:15:00,0.418933
2025-06-30 15:30:00,0.389264
2025-06-30 15:45:00,0.352653
2025-06-30 16:00:00,0.31666
2025-06-30 16:15:00,0.277197
2025-06-30 16:30:00,0.222138
2025-06-30 16:45:00,0.200742
2025-06-30 17:00:00,0.161468
2025-06-30 17:15:00,0.12248
2025-06-30 17:30:00,0.087723
2025-06-30 17:45:00,0.05834
2025-06-30 18:00:00,0.035517
2025-06-30 18:15:00,0.02073
2025-06-30 18:30:00,0.013741
2025-06-30 18:45:00,0.008226
2025-06-30 19:00:00,0.001949
2025-06-30 19:15:00,4.8e-05
2025-06-30 19:30:00,0.0
2025-06-30 19:45:00,0.0
2025-06-30 20:00:00,0.0
2025-06-30 20:15:00,0.0
2025-06-30 20:30:00,0.0
2025-06-30 20:45:00,0.0
2025-06-30 21:00:00,0.0
2025-06-30 21:15:00,0.0
2025-06-30 21:30:00,0.0
2025-06-30 21:45:00,0.0
2025-06-30 22:00:00,0.0
